URL,Image_URL,Name,Original_Price(INR),Discount_Price(INR),Discount_Percentage
https://www.nike.com/ph/t/revolution-8-road-running-shoes-WdoyZvVX/HJ9198-007,"https://static.nike.com/a/images/t_web_pw_592_v2/f_auto/u_9ddf04c7-2a9a-4d76-add1-d15af8f0263d,c_scale,fl_relative,w_1.0,h_1.0,fl_layer_apply/d02049ff-e751-4d19-aafa-1da997cd038c/NIKE+REVOLUTION+8.png",Nike Revolution 8,5140.2,4112.16,20.0
https://www.nike.com/ph/t/mercurial-superfly-10-elite-high-top-football-boot-Snwv27/FQ1454-600,"https://static.nike.com/a/images/t_web_pw_592_v2/f_auto/u_9ddf04c7-2a9a-4d76-add1-d15af8f0263d,c_scale,fl_relative,w_1.0,h_1.0,fl_layer_apply/2f3c8df1-a260-436d-a1d6-c4cce2472c0f/ZM+SUPERFLY+10+ELITE+FG.png",Nike Mercurial Superfly 10 Elite,23236.2,18588.96,20.0
https://www.nike.com/ph/t/ava-rover-shoes-with-reflective-design-accents-2QcfTFBi/IM9327-300,"https://static.nike.com/a/images/t_web_pw_592_v2/f_auto/u_9ddf04c7-2a9a-4d76-add1-d15af8f0263d,c_scale,fl_relative,w_1.0,h_1.0,fl_layer_apply/d8fa77f8-e0e6-4d34-89e5-cc65ab93f23f/NIKE+AVA+ROVER.png",Nike Ava Rover,11848.2,9478.56,20.0
https://www.nike.com/ph/t/tiempo-legend-10-elite-low-top-football-boot-F47h5D/DV4328-003,"https://static.nike.com/a/images/t_web_pw_592_v2/f_auto/u_9ddf04c7-2a9a-4d76-add1-d15af8f0263d,c_scale,fl_relative,w_1.0,h_1.0,fl_layer_apply/ba3d5431-7d4f-466f-992c-1adf5e2c1810/LEGEND+10+ELITE+FG.png",Nike Tiempo Legend 10 Elite,19180.2,15344.16,20.0
https://www.nike.com/ph/t/reax-8-tr-workout-shoes-wPmm1j/621716-008,"https://static.nike.com/a/images/t_web_pw_592_v2/f_auto/u_9ddf04c7-2a9a-4d76-add1-d15af8f0263d,c_scale,fl_relative,w_1.0,h_1.0,fl_layer_apply/d07b921e-e24a-488d-b419-4c7260a24025/NIKE+REAX+8+TR+MESH.png",Nike Reax 8 TR,7324.2,5859.36,20.0
https://www.nike.com/ph/t/vomero-18-gore-tex-waterproof-road-running-shoes-with-reflective-design-accents-wFzWbOIJ/HQ7001-001,"https://static.nike.com/a/images/t_web_pw_592_v2/f_auto/u_9ddf04c7-2a9a-4d76-add1-d15af8f0263d,c_scale,fl_relative,w_1.0,h_1.0,fl_layer_apply/42f2c300-552a-4cb2-a88b-466e12708e49/NIKE+VOMERO+18+GTX.png",Nike Vomero 18 GORE-TEX,15592.2,12473.76,20.0
https://www.nike.com/ph/t/pegasus-sp-road-running-shoes-47DNLMez/IM6000-264,"https://static.nike.com/a/images/t_web_pw_592_v2/f_auto/u_9ddf04c7-2a9a-4d76-add1-d15af8f0263d,c_scale,fl_relative,w_1.0,h_1.0,fl_layer_apply/4a58d77a-883c-42c2-99ae-622bc69f221d/PEGASUS+PREMIUM+SP.png",Nike Pegasus Premium SP,18712.2,14969.76,20.0
https://www.nike.com/ph/t/lebron-witness-ix-ep-basketball-shoes-hNGbepYn/HQ8035-001,"https://static.nike.com/a/images/t_web_pw_592_v2/f_auto/u_9ddf04c7-2a9a-4d76-add1-d15af8f0263d,c_scale,fl_relative,w_1.0,h_1.0,fl_layer_apply/5299a55f-5a87-492e-b5c9-73f0daad5a66/LEBRON+WITNESS+IX+EP.png",LeBron Witness IX EP,8728.2,6982.56,20.0
https://www.nike.com/ph/t/precision-7-easyon-basketball-shoes-LAiAX18O/FN0324-101,"https://static.nike.com/a/images/t_web_pw_592_v2/f_auto/u_9ddf04c7-2a9a-4d76-add1-d15af8f0263d,c_scale,fl_relative,w_1.0,h_1.0,fl_layer_apply/a036ea50-1ff8-4c99-8c38-6ea3a4e3ca45/NIKE+PRECISION+VII+EASYON.png",Nike Precision 7 EasyOn,5764.2,4611.36,20.0
https://www.nike.com/ph/t/air-force-1-07-wb-shoes-j46FxX/CJ9179-001,"https://static.nike.com/a/images/t_web_pw_592_v2/f_auto/u_9ddf04c7-2a9a-4d76-add1-d15af8f0263d,c_scale,fl_relative,w_1.0,h_1.0,fl_layer_apply/c90f7949-b685-485e-8602-23f1d079cd3a/AIR+FORCE+1+%2707+WB.png",Nike Air Force 1 '07 WB,10522.2,8417.76,20.0
https://www.nike.com/ph/t/shox-ride-2-shoes-sg6Nhj1k/IH4468-001,"https://static.nike.com/a/images/t_web_pw_592_v2/f_auto/u_9ddf04c7-2a9a-4d76-add1-d15af8f0263d,c_scale,fl_relative,w_1.0,h_1.0,fl_layer_apply/54b4bf03-cb4f-40c0-98fa-cae9a5e3d6d4/NIKE+SHOX+RIDE+2.png",Nike Shox Ride 2,16060.2,9636.12,40.0
https://www.nike.com/ph/t/air-jordan-mule-golf-shoes-RHRFBC/FJ1214-800,"https://static.nike.com/a/images/t_web_pw_592_v2/f_auto/u_126ab356-44d8-4a06-89b4-fcdcc8df0245,c_scale,fl_relative,w_1.0,h_1.0,fl_layer_apply/50726e82-5f52-49c3-af66-beab206fc0ba/AIR+JORDAN+MULE.png",Air Jordan Mule,8572.2,6857.76,20.0
https://www.nike.com/ph/t/zoom-vomero-5-shoes-VDYdO8fP/IH1344-300,"https://static.nike.com/a/images/t_web_pw_592_v2/f_auto/u_9ddf04c7-2a9a-4d76-add1-d15af8f0263d,c_scale,fl_relative,w_1.0,h_1.0,fl_layer_apply/95bb7ae6-3d4e-4cdb-aac5-eb4baae418e7/NIKE+ZOOM+VOMERO+5+PRM.png",Nike Zoom Vomero 5 Premium,14656.2,11724.96,20.0
https://www.nike.com/ph/t/alphafly-3-eliud-kipchoge-road-racing-shoes-7b3Rj3b4/HJ7041-600,"https://static.nike.com/a/images/t_web_pw_592_v2/f_auto/u_9ddf04c7-2a9a-4d76-add1-d15af8f0263d,c_scale,fl_relative,w_1.0,h_1.0,fl_layer_apply/c714752a-28f0-47af-bcaf-93c2bf97f060/AIR+ZOOM+ALPHAFLY+NEXT%25+3+EK.png",Nike Alphafly 3 'Eliud Kipchoge',23548.2,18838.56,20.0
https://www.nike.com/ph/t/journey-run-road-running-shoes-Q5kF8v/FN0228-008,"https://static.nike.com/a/images/t_web_pw_592_v2/f_auto/u_9ddf04c7-2a9a-4d76-add1-d15af8f0263d,c_scale,fl_relative,w_1.0,h_1.0,fl_layer_apply/56093047-a25b-482f-ab64-0a9a43285bbd/NIKE+JOURNEY+RUN.png",Nike Journey Run,7792.2,6233.76,20.0
https://www.nike.com/ph/t/run-defy-road-running-shoes-rVrdTl/HM9594-008,"https://static.nike.com/a/images/t_web_pw_592_v2/f_auto/u_9ddf04c7-2a9a-4d76-add1-d15af8f0263d,c_scale,fl_relative,w_1.0,h_1.0,fl_layer_apply/dbc84efa-b73e-448f-b4fd-53b46a7f6535/NIKE+RUN+DEFY.png",Nike Run Defy,4828.2,3862.56,20.0
https://www.nike.com/ph/t/tatum-4-pf-basketball-shoes-akrecBRm/HQ4613-001,"https://static.nike.com/a/images/t_web_pw_592_v2/f_auto/u_126ab356-44d8-4a06-89b4-fcdcc8df0245,c_scale,fl_relative,w_1.0,h_1.0,fl_layer_apply/37ceddc9-af49-4245-8d56-b51d5d3a7e6b/JORDAN+TATUM+4+PF.png",Tatum 4 PF,11380.2,9104.16,20.0
https://www.nike.com/ph/t/pegasus-road-running-shoes-xzQQKz/HQ2592-010,"https://static.nike.com/a/images/t_web_pw_592_v2/f_auto/u_9ddf04c7-2a9a-4d76-add1-d15af8f0263d,c_scale,fl_relative,w_1.0,h_1.0,fl_layer_apply/e0ef926e-0e99-46d9-8198-6cafc92822ae/NIKE+PEGASUS+PREMIUM.png",Nike Pegasus Premium,18712.2,14969.76,20.0
https://www.nike.com/ph/t/sportswear-futura-365-cross-body-bag-PExW1jWH/HV6621-126,"https://static.nike.com/a/images/t_web_pw_592_v2/f_auto/u_9ddf04c7-2a9a-4d76-add1-d15af8f0263d,c_scale,fl_relative,w_1.0,h_1.0,fl_layer_apply/45531540-031a-4cc8-a61e-a9f9b1f2e83f/W+NSW+FUTURA+365+CRSSBDY-SWIRL.png",Nike Sportswear Futura 365,2176.2,1740.96,20.0
https://www.nike.com/ph/t/court-shot-shoes-ZfRXql/FQ8146-001,"https://static.nike.com/a/images/t_web_pw_592_v2/f_auto/u_9ddf04c7-2a9a-4d76-add1-d15af8f0263d,c_scale,fl_relative,w_1.0,h_1.0,fl_layer_apply/0bb3ddb9-7093-4130-bfa9-eaf84dc7b538/COURT+SHOT.png",Nike Court Shot,6388.2,5110.56,20.0
https://www.nike.com/ph/t/precision-7-basketball-shoes-6JN4R0/HJ9153-601,"https://static.nike.com/a/images/t_web_pw_592_v2/f_auto/u_9ddf04c7-2a9a-4d76-add1-d15af8f0263d,c_scale,fl_relative,w_1.0,h_1.0,fl_layer_apply/288e715e-3091-4f98-8080-0ddeedfb424a/NIKE+PRECISION+VII.png",Nike Precision 7,5764.2,4611.36,20.0
https://www.nike.com/ph/t/sabrina-3-gamer-ep-basketball-shoes-2w1twW7b/II3986-300,"https://static.nike.com/a/images/t_web_pw_592_v2/f_auto/u_9ddf04c7-2a9a-4d76-add1-d15af8f0263d,c_scale,fl_relative,w_1.0,h_1.0,fl_layer_apply/0401e22f-1a55-41b8-a5b5-759254bb71b0/SABRINA+3+GAMER+EP.png","Sabrina 3 ""Gamer"" EP",12628.2,10102.56,20.0
https://www.nike.com/ph/t/total-90-shoes-Yr4jp94v/IH2090-200,"https://static.nike.com/a/images/t_web_pw_592_v2/f_auto/u_9ddf04c7-2a9a-4d76-add1-d15af8f0263d,c_scale,fl_relative,w_1.0,h_1.0,fl_layer_apply/384b25fc-968f-4a5f-82fb-64d6316c0ace/TOTAL+90+PRM.png",Nike Total 90 Premium,11848.2,7108.92,40.0
https://www.nike.com/ph/t/free-metcon-6-workout-shoes-Q3pWcF/FJ7126-606,"https://static.nike.com/a/images/t_web_pw_592_v2/f_auto/u_9ddf04c7-2a9a-4d76-add1-d15af8f0263d,c_scale,fl_relative,w_1.0,h_1.0,fl_layer_apply/e073acf6-10a8-4b43-ae30-ddffce863a90/W+NIKE+FREE+METCON+6.png",Nike Free Metcon 6,10756.2,8604.96,20.0
https://www.nike.com/ph/t/vomero-18-road-running-shoes-CFnHyds9/IH7349-331,"https://static.nike.com/a/images/t_web_pw_592_v2/f_auto/u_9ddf04c7-2a9a-4d76-add1-d15af8f0263d,c_scale,fl_relative,w_1.0,h_1.0,fl_layer_apply/8b0d8e04-9f72-4e9e-94f8-41dc71bc79c1/W+NIKE+VOMERO+18.png",Nike Vomero 18,13096.2,9168.12,29.99
https://www.nike.com/ph/t/pegasus-41-gore-tex-waterproof-road-running-shoes-mDNh6r/FQ1356-001,"https://static.nike.com/a/images/t_web_pw_592_v2/f_auto/u_9ddf04c7-2a9a-4d76-add1-d15af8f0263d,c_scale,fl_relative,w_1.0,h_1.0,fl_layer_apply/a9504e2c-ca2b-4110-8fce-e9f57996248f/AIR+ZM+PEGASUS+41+GTX.png",Nike Pegasus 41 GORE-TEX,13876.2,11100.96,20.0
https://www.nike.com/ph/t/air-max-muse-shoes-S15p90/HV4445-072,"https://static.nike.com/a/images/t_web_pw_592_v2/f_auto/u_9ddf04c7-2a9a-4d76-add1-d15af8f0263d,c_scale,fl_relative,w_1.0,h_1.0,fl_layer_apply/60137944-fadd-4929-8b8f-59f9c129768a/W+NIKE+AIR+MAX+MUSE.png",Nike Air Max Muse,13408.2,10726.56,20.0
https://www.nike.com/ph/t/tatum-3-pf-basketball-shoes-cJO36fYd/FZ6601-400,"https://static.nike.com/a/images/t_web_pw_592_v2/f_auto/u_126ab356-44d8-4a06-89b4-fcdcc8df0245,c_scale,fl_relative,w_1.0,h_1.0,fl_layer_apply/ab269e93-27c2-47c7-859c-33993862d2a2/JORDAN+TATUM+3+PF.png",Tatum 3 PF,11068.2,6640.92,40.0
https://www.nike.com/ph/t/air-max-sndr-shoes-De0W9lLz/HJ4130-100,"https://static.nike.com/a/images/t_web_pw_592_v2/f_auto/u_9ddf04c7-2a9a-4d76-add1-d15af8f0263d,c_scale,fl_relative,w_1.0,h_1.0,fl_layer_apply/a915fbec-6ec1-4c4c-9614-c97fbba63fb0/W+NIKE+AIR+MAX+SNDR+SE.png",Nike Air Max SNDR,16060.2,9636.12,40.0
https://www.nike.com/ph/t/shox-ride-2-shoes-gihorw4n/IH3653-095,"https://static.nike.com/a/images/t_web_pw_592_v2/f_auto/u_9ddf04c7-2a9a-4d76-add1-d15af8f0263d,c_scale,fl_relative,w_1.0,h_1.0,fl_layer_apply/a7df6eb6-a2e4-481b-9f9f-b8c68d591e2b/NIKE+SHOX+RIDE+2+PRM.png",Nike Shox Ride 2 Premium,17932.2,10759.32,40.0
https://www.nike.com/ph/t/pegasus-easyon-road-running-shoes-NMBl5l/FQ7837-002,"https://static.nike.com/a/images/t_web_pw_592_v2/f_auto/u_9ddf04c7-2a9a-4d76-add1-d15af8f0263d,c_scale,fl_relative,w_1.0,h_1.0,fl_layer_apply/31c82b86-3a33-4d54-88d9-cd52ebcfb5b2/PEGASUS+EASYON.png",Nike Pegasus EasyOn,11536.2,9228.96,20.0
https://www.nike.com/ph/t/air-max-dn8-shoes-1OrcDDqL/IH4483-001,"https://static.nike.com/a/images/t_web_pw_592_v2/f_auto/u_9ddf04c7-2a9a-4d76-add1-d15af8f0263d,c_scale,fl_relative,w_1.0,h_1.0,fl_layer_apply/7ad6d087-1374-4671-bf63-ad11b80de9e9/W+NIKE+AM+DN8.png",Nike Air Max Dn8,16060.2,9636.12,40.0
https://www.nike.com/ph/t/gato-shoes-65qj2x/HQ6020-800,"https://static.nike.com/a/images/t_web_pw_592_v2/f_auto/u_9ddf04c7-2a9a-4d76-add1-d15af8f0263d,c_scale,fl_relative,w_1.0,h_1.0,fl_layer_apply/fd5068d2-a9fe-4075-9555-71ffff53e4b2/NIKE+GATO.png",Nike Gato,9664.2,5798.52,40.0
https://www.nike.com/ph/t/brasilia-9-5-training-duffel-bag-CjPRDM/DH7710-253,"https://static.nike.com/a/images/t_web_pw_592_v2/f_auto/u_9ddf04c7-2a9a-4d76-add1-d15af8f0263d,c_scale,fl_relative,w_1.0,h_1.0,fl_layer_apply/4d5c6be7-54ec-4c8f-9e7c-0ceeeff47187/NK+BRSLA+M+DUFF+-+9.5+%2860L%29.png",Nike Brasilia 9.5,3112.2,2489.76,20.0
https://www.nike.com/ph/t/book-1-solar-red-ep-basketball-shoes-O1bt3031/IR0839-001,"https://static.nike.com/a/images/t_web_pw_592_v2/f_auto/u_9ddf04c7-2a9a-4d76-add1-d15af8f0263d,c_scale,fl_relative,w_1.0,h_1.0,fl_layer_apply/7b00a713-84d0-4dea-b6c4-2303aa3cabd6/BOOK+1+95+EP.png",Book 1 'Solar Red' EP,12316.2,9852.96,20.0
https://www.nike.com/ph/t/journey-run-road-running-shoes-N1vP09/FJ7765-114,"https://static.nike.com/a/images/t_web_pw_592_v2/f_auto/u_9ddf04c7-2a9a-4d76-add1-d15af8f0263d,c_scale,fl_relative,w_1.0,h_1.0,fl_layer_apply/71224de9-a872-4900-9d16-982f207a2113/W+NIKE+JOURNEY+RUN.png",Nike Journey Run,7792.2,4675.32,40.0
https://www.nike.com/ph/t/pegasus-41-road-running-shoes-NW3xHb/FQ0965-108,"https://static.nike.com/a/images/t_web_pw_592_v2/f_auto/u_9ddf04c7-2a9a-4d76-add1-d15af8f0263d,c_scale,fl_relative,w_1.0,h_1.0,fl_layer_apply/0aed0688-67a5-41ce-9b62-c9200f80fbb5/W+AIR+ZOOM+PEGASUS+41+WIDE.png",Nike Pegasus 41,11536.2,9228.96,20.0
https://www.nike.com/ph/t/sb-logo-skate-t-shirt-LBBxZV/DC7818-010,https://static.nike.com/a/images/t_web_pw_592_v2/f_auto/025985b3-ac5c-494c-af03-ab01aa7c8f58/AS+M+NK+SB+TEE+LOGO+LBR.png,Nike SB,2020.2,1616.16,20.0
https://www.nike.com/ph/t/cortez-se-shoes-L272Ml/HQ3490-099,"https://static.nike.com/a/images/t_web_pw_592_v2/f_auto/u_9ddf04c7-2a9a-4d76-add1-d15af8f0263d,c_scale,fl_relative,w_1.0,h_1.0,fl_layer_apply/b28ec80a-e46e-4e2e-9a5e-3137cbb48160/NIKE+CORTEZ+SE.png",Nike Cortez SE,8572.2,6857.76,20.0
https://www.nike.com/ph/t/vomero-18-gore-tex-waterproof-road-running-shoes-with-reflective-design-accents-tk4cS87v/HQ7002-300,"https://static.nike.com/a/images/t_web_pw_592_v2/f_auto/u_9ddf04c7-2a9a-4d76-add1-d15af8f0263d,c_scale,fl_relative,w_1.0,h_1.0,fl_layer_apply/93fe93a2-5f79-44f7-9823-c2e5cdb861ec/W+NIKE+VOMERO+18+GTX.png",Nike Vomero 18 GORE-TEX,15592.2,12473.76,20.0
https://www.nike.com/ph/t/acg-zoom-gaiadome-gore-tex-se-shoes-XTGRaGYz/IB2328-200,"https://static.nike.com/a/images/t_web_pw_592_v2/f_auto/u_9ddf04c7-2a9a-4d76-add1-d15af8f0263d,c_scale,fl_relative,w_1.0,h_1.0,fl_layer_apply/63484b6a-47bc-4f0e-824e-3c03e0930151/ACG+ZOOM+GAIADOME+GTX+SE.png",Nike ACG Zoom Gaiadome GORE-TEX SE,19648.2,15718.56,20.0
https://www.nike.com/ph/t/vomero-18-road-running-shoes-Vn57Nq/HM6804-110,"https://static.nike.com/a/images/t_web_pw_592_v2/f_auto/u_9ddf04c7-2a9a-4d76-add1-d15af8f0263d,c_scale,fl_relative,w_1.0,h_1.0,fl_layer_apply/6d1a0f85-ce1a-4098-943a-b4757eb349f0/W+NIKE+VOMERO+18.png",Nike Vomero 18,13096.2,10476.96,20.0
https://www.nike.com/ph/t/field-general-shoes-pwd2rT/HF3165-102,"https://static.nike.com/a/images/t_web_pw_592_v2/f_auto/u_9ddf04c7-2a9a-4d76-add1-d15af8f0263d,c_scale,fl_relative,w_1.0,h_1.0,fl_layer_apply/a4baec06-157d-4b49-bf2f-9c926a0fbabe/NIKE+FIELD+GENERAL.png",Nike Field General,9040.2,5424.12,40.0
https://www.nike.com/ph/t/pegasus-41-gore-tex-waterproof-road-running-shoes-k3k42w/FQ1357-004,"https://static.nike.com/a/images/t_web_pw_592_v2/f_auto/u_9ddf04c7-2a9a-4d76-add1-d15af8f0263d,c_scale,fl_relative,w_1.0,h_1.0,fl_layer_apply/83962de7-a826-48ca-a0b9-392d4bee0850/W+AIR+ZM+PEGASUS+41+GTX.png",Nike Pegasus 41 GORE-TEX,13876.2,11100.96,20.0
https://www.nike.com/ph/t/air-jordan-1-mid-shoes-SQf7DM/DQ8426-102,"https://static.nike.com/a/images/t_web_pw_592_v2/f_auto/u_126ab356-44d8-4a06-89b4-fcdcc8df0245,c_scale,fl_relative,w_1.0,h_1.0,fl_layer_apply/ab8d8bb7-536e-43af-8f49-5d86c370b7a2/AIR+JORDAN+1+MID.png",Air Jordan 1 Mid,11068.2,6640.92,40.0
https://www.nike.com/ph/t/promina-walking-shoes-CsDWSZ/FV6343-008,"https://static.nike.com/a/images/t_web_pw_592_v2/f_auto/u_9ddf04c7-2a9a-4d76-add1-d15af8f0263d,c_scale,fl_relative,w_1.0,h_1.0,fl_layer_apply/3b3b9fd8-fe3f-43c5-b3ec-8596fc5ba6e0/W+NIKE+PROMINA.png",Nike Promina,5140.2,4112.16,20.0
https://www.nike.com/ph/t/sabrina-3-ep-basketball-shoes-G2lc4oD7/HF2882-101,"https://static.nike.com/a/images/t_web_pw_592_v2/f_auto/u_9ddf04c7-2a9a-4d76-add1-d15af8f0263d,c_scale,fl_relative,w_1.0,h_1.0,fl_layer_apply/bcce47be-9654-41f3-a63f-331602bc3486/SABRINA+3+EP.png",Sabrina 3 EP,11848.2,9478.56,20.0
https://www.nike.com/ph/t/dunk-low-retro-se-shoes-rR7BbNG9/IB2990-500,"https://static.nike.com/a/images/t_web_pw_592_v2/f_auto/u_9ddf04c7-2a9a-4d76-add1-d15af8f0263d,c_scale,fl_relative,w_1.0,h_1.0,fl_layer_apply/1f2a4286-5d0f-48f8-aeac-78b2e59d8450/NIKE+DUNK+LOW+RETRO+SE.png",Nike Dunk Low Retro SE,10912.2,6547.32,40.0
https://www.nike.com/ph/t/juniper-trail-2-gore-tex-waterproof-trail-running-shoes-61f57n/HM9734-302,"https://static.nike.com/a/images/t_web_pw_592_v2/f_auto/u_9ddf04c7-2a9a-4d76-add1-d15af8f0263d,c_scale,fl_relative,w_1.0,h_1.0,fl_layer_apply/03d4f14c-63ec-425b-b2ed-912113d9698f/NIKE+JUNIPER+TRAIL+2+GTX+V2.png",Nike Juniper Trail 2 GORE-TEX,9976.2,7980.96,20.0
https://www.nike.com/ph/t/cortez-leather-shoes-svdKM9/DN1791-116,"https://static.nike.com/a/images/t_web_pw_592_v2/f_auto/u_9ddf04c7-2a9a-4d76-add1-d15af8f0263d,c_scale,fl_relative,w_1.0,h_1.0,fl_layer_apply/6ec5a807-a340-4cfd-9e22-2bfff535c058/W+NIKE+CORTEZ.png",Nike Cortez Leather,7324.2,5859.36,20.0
https://www.nike.com/ph/t/calm-slides-T7qMVF/DX4816-001,"https://static.nike.com/a/images/t_web_pw_592_v2/f_auto/u_9ddf04c7-2a9a-4d76-add1-d15af8f0263d,c_scale,fl_relative,w_1.0,h_1.0,fl_layer_apply/160957be-395d-47a0-a5dc-b061a77033f4/W+NIKE+CALM+SLIDE.png",Nike Calm,4048.2,3238.56,20.0
https://www.nike.com/ph/t/vomero-18-road-running-shoes-3zjUcMii/IM6010-060,"https://static.nike.com/a/images/t_web_pw_592_v2/f_auto/u_9ddf04c7-2a9a-4d76-add1-d15af8f0263d,c_scale,fl_relative,w_1.0,h_1.0,fl_layer_apply/4e21f8a6-ade5-4936-8c5e-34c4d26a44b1/NIKE+VOMERO+18.png",Nike Vomero 18,14188.2,11350.56,20.0
https://www.nike.com/ph/t/pacific-leather-shoes-RWl736OY/IM4006-001,"https://static.nike.com/a/images/t_web_pw_592_v2/f_auto/u_9ddf04c7-2a9a-4d76-add1-d15af8f0263d,c_scale,fl_relative,w_1.0,h_1.0,fl_layer_apply/8c3b3183-0dd6-4613-b95e-47ff95cef656/NIKE+PACIFIC+LTR.png",Nike Pacific Leather,6700.2,5360.16,20.0
https://www.nike.com/ph/t/pegasus-road-running-shoes-vzT0Wmlv/IM6778-902,"https://static.nike.com/a/images/t_web_pw_592_v2/f_auto/u_9ddf04c7-2a9a-4d76-add1-d15af8f0263d,c_scale,fl_relative,w_1.0,h_1.0,fl_layer_apply/b933ab94-921a-4a96-933f-fa730fc37a9a/NIKE+PEGASUS+PREMIUM.png",Nike Pegasus Premium,20116.2,16092.96,20.0
https://www.nike.com/ph/t/charge-canvas-shoes-ldqCls/IB2748-100,"https://static.nike.com/a/images/t_web_pw_592_v2/f_auto/u_9ddf04c7-2a9a-4d76-add1-d15af8f0263d,c_scale,fl_relative,w_1.0,h_1.0,fl_layer_apply/116a5613-4872-46c8-aa32-ae92acbde381/NIKE+CHARGE+CNVS.png",Nike Charge Canvas,5608.2,4486.56,20.0
https://www.nike.com/ph/t/vaporfly-4-road-racing-shoes-PTwDtp/HF6414-401,"https://static.nike.com/a/images/t_web_pw_592_v2/f_auto/u_9ddf04c7-2a9a-4d76-add1-d15af8f0263d,c_scale,fl_relative,w_1.0,h_1.0,fl_layer_apply/385e560b-38b3-4b23-8c23-cf5e83d39b5d/ZOOMX+VAPORFLY+NEXT%25+4.png",Nike Vaporfly 4,20740.2,16592.16,20.0
https://www.nike.com/ph/t/cortez-leather-se-shoes-vCAOr7qg/IM8057-297,"https://static.nike.com/a/images/t_web_pw_592_v2/f_auto/u_9ddf04c7-2a9a-4d76-add1-d15af8f0263d,c_scale,fl_relative,w_1.0,h_1.0,fl_layer_apply/bedb0bf3-8009-4e34-96a9-9fe186d5ccff/NIKE+CORTEZ+LTR+SE.png",Nike Cortez Leather SE,9820.2,7856.16,20.0
https://www.nike.com/ph/t/killshot-2-shoes-CqGk4H/FZ5630-102,"https://static.nike.com/a/images/t_web_pw_592_v2/f_auto/u_9ddf04c7-2a9a-4d76-add1-d15af8f0263d,c_scale,fl_relative,w_1.0,h_1.0,fl_layer_apply/887dd5d7-0968-4b91-8ba3-57b56c1f1cf8/W+KILLSHOT+2.png",Nike Killshot 2,8104.2,6483.36,20.0
https://www.nike.com/ph/t/jordan-cmft-era-shoes-0wIhoFyp/HJ6778-002,"https://static.nike.com/a/images/t_web_pw_592_v2/f_auto/u_126ab356-44d8-4a06-89b4-fcdcc8df0245,c_scale,fl_relative,w_1.0,h_1.0,fl_layer_apply/8f19d382-7932-4c1b-abf3-30d6c489b297/WMNS+JORDAN+CMFT+ERA.png",Jordan CMFT Era,10912.2,6547.32,40.0
https://www.nike.com/ph/t/running-lightweight-micro-crew-socks-QMRs70fV/IB6114-101,"https://static.nike.com/a/images/t_web_pw_592_v2/f_auto/u_9ddf04c7-2a9a-4d76-add1-d15af8f0263d,c_scale,fl_relative,w_1.0,h_1.0,fl_layer_apply/0c9a5060-f118-479c-b5db-f74af9ba56de/U+NK+LTWT+RUN+MCRW+1PR+-+200.png",Nike Running Lightweight,1318.2,1054.56,20.0
https://www.nike.com/ph/t/heritage-waistpack-Fnc8kw/DB0490-265,"https://static.nike.com/a/images/t_web_pw_592_v2/f_auto/u_9ddf04c7-2a9a-4d76-add1-d15af8f0263d,c_scale,fl_relative,w_1.0,h_1.0,fl_layer_apply/7b9e9376-2200-4887-abc5-9853fd7a8659/NK+HERITAGE+WAISTPACK+-+FA21.png",Nike Heritage,1864.2,1491.36,20.0
https://www.nike.com/ph/t/air-max-portal-se-shoes-eV4Jw9gA/HQ1789-100,"https://static.nike.com/a/images/t_web_pw_592_v2/f_auto/u_9ddf04c7-2a9a-4d76-add1-d15af8f0263d,c_scale,fl_relative,w_1.0,h_1.0,fl_layer_apply/1a43eeb5-4579-4dbc-91b0-9fbc79608764/W+NIKE+AIR+MAX+PORTAL+SE.png",Nike Air Max Portal SE,10444.2,6266.52,40.0
https://www.nike.com/ph/t/jordan-1-mid-se-shoes-kn1fyz2z/HV4730-014,"https://static.nike.com/a/images/t_web_pw_592_v2/f_auto/u_126ab356-44d8-4a06-89b4-fcdcc8df0245,c_scale,fl_relative,w_1.0,h_1.0,fl_layer_apply/50a53528-eaea-4d7d-b0e5-67ab686b1438/JORDAN+1+MID+SE+%28TD%29.png",Jordan 1 Mid SE,4828.2,3862.56,20.0
https://www.nike.com/ph/t/pegasus-41-road-running-shoes-RZm89S/FD2722-604,"https://static.nike.com/a/images/t_web_pw_592_v2/f_auto/u_9ddf04c7-2a9a-4d76-add1-d15af8f0263d,c_scale,fl_relative,w_1.0,h_1.0,fl_layer_apply/b7fdae0b-e396-4f40-94c5-5526e97821b3/AIR+ZOOM+PEGASUS+41.png",Nike Pegasus 41,11536.2,9228.96,20.0
https://www.nike.com/ph/t/jordan-dri-fit-sport-woven-shorts-SS5zTZ/FN5842-075,"https://static.nike.com/a/images/t_web_pw_592_v2/f_auto/u_126ab356-44d8-4a06-89b4-fcdcc8df0245,c_scale,fl_relative,w_1.0,h_1.0,fl_layer_apply/8662b8b1-0f35-4c5c-b075-99b013b0bc44/M+J+DF+SPRT+WOVEN+SHORT.png",Jordan Dri-FIT Sport,2332.2,1865.76,20.0
https://www.nike.com/ph/t/zoom-fly-6-road-racing-shoes-kmkgZS/FN8455-602,"https://static.nike.com/a/images/t_web_pw_592_v2/f_auto/u_9ddf04c7-2a9a-4d76-add1-d15af8f0263d,c_scale,fl_relative,w_1.0,h_1.0,fl_layer_apply/3e3cbd49-12d5-4b9c-b362-94e9d6dc7b9e/W+ZOOM+FLY+6.png",Nike Zoom Fly 6,14656.2,11724.96,20.0
https://www.nike.com/ph/t/dunk-low-suede-shoes-R7nORyh7/IB4417-104,"https://static.nike.com/a/images/t_web_pw_592_v2/f_auto/u_9ddf04c7-2a9a-4d76-add1-d15af8f0263d,c_scale,fl_relative,w_1.0,h_1.0,fl_layer_apply/1ab2393f-b755-4b9b-8215-6228ab8c6a07/WMNS+NIKE+DUNK+LOW.png",Nike Dunk Low Suede,10444.2,8355.36,20.0
https://www.nike.com/ph/t/c1ty-cordura-shoes-z3Zzlm/HJ4316-003,"https://static.nike.com/a/images/t_web_pw_592_v2/f_auto/u_9ddf04c7-2a9a-4d76-add1-d15af8f0263d,c_scale,fl_relative,w_1.0,h_1.0,fl_layer_apply/e34f45c2-765d-4cdb-b3bf-7599b664ec0b/NIKE+C1TY+PRM.png",Nike C1TY Premium CORDURA®,9820.2,7856.16,20.0
https://www.nike.com/ph/t/sportswear-futura-365-faux-fur-cross-body-bag-4PT5l5/FZ1326-010,"https://static.nike.com/a/images/t_web_pw_592_v2/f_auto/u_9ddf04c7-2a9a-4d76-add1-d15af8f0263d,c_scale,fl_relative,w_1.0,h_1.0,fl_layer_apply/62c9118e-28f1-484d-857c-c9528010d23f/NK+NSW+FTRA+365+FUR+CRSBY.png",Nike Sportswear Futura 365,2488.2,1990.56,20.0
https://www.nike.com/ph/t/metcon-10-workout-shoes-EwZFrS5O/HQ2620-603,"https://static.nike.com/a/images/t_web_pw_592_v2/f_auto/u_9ddf04c7-2a9a-4d76-add1-d15af8f0263d,c_scale,fl_relative,w_1.0,h_1.0,fl_layer_apply/e1a455d4-6711-4b6e-8e2a-136ec7855a8e/W+NIKE+METCON+10.png",Nike Metcon 10,13408.2,10726.56,20.0
https://www.nike.com/ph/t/aura-backpack-8g97mWnG/IB6197-229,"https://static.nike.com/a/images/t_web_pw_592_v2/f_auto/u_9ddf04c7-2a9a-4d76-add1-d15af8f0263d,c_scale,fl_relative,w_1.0,h_1.0,fl_layer_apply/cb86cfc4-ff2a-473f-852b-07f6492924d3/NK+AURA+BKPK-CORD.png",Nike Aura,5296.2,4236.96,20.0
https://www.nike.com/ph/t/field-general-blue-suede-shoes-jjjvd8/IF0666-400,"https://static.nike.com/a/images/t_web_pw_592_v2/f_auto/u_9ddf04c7-2a9a-4d76-add1-d15af8f0263d,c_scale,fl_relative,w_1.0,h_1.0,fl_layer_apply/332638c0-4ba9-4c88-9569-a930f1f4fc99/NIKE+FIELD+GENERAL.png",Nike Field General 'Blue Suede',9820.2,7856.16,20.0
https://www.nike.com/ph/t/total-90-shoes-bJ61Ddif/HQ2851-001,"https://static.nike.com/a/images/t_web_pw_592_v2/f_auto/u_9ddf04c7-2a9a-4d76-add1-d15af8f0263d,c_scale,fl_relative,w_1.0,h_1.0,fl_layer_apply/339cc390-4fcc-4b89-86be-0d296649fe4a/TOTAL+90.png",Nike Total 90,9820.2,7856.16,20.0
https://www.nike.com/ph/t/acg-phassad-shoes-MmI7pFBX/HM7133-201,"https://static.nike.com/a/images/t_web_pw_592_v2/f_auto/u_9ddf04c7-2a9a-4d76-add1-d15af8f0263d,c_scale,fl_relative,w_1.0,h_1.0,fl_layer_apply/b2165795-98e2-4e22-b40a-0bc9314a45b6/ACG+PHASSAD.png",Nike ACG Phassad,10912.2,8729.76,20.0
https://www.nike.com/ph/t/air-force-1-07-lv8-shoes-60QXmC/IB6388-100,"https://static.nike.com/a/images/t_web_pw_592_v2/f_auto/u_9ddf04c7-2a9a-4d76-add1-d15af8f0263d,c_scale,fl_relative,w_1.0,h_1.0,fl_layer_apply/474d65a0-5b68-4266-bb72-6f8409dcd7dc/AIR+FORCE+1+%2707+LV8.png",Nike Air Force 1 '07 LV8,10912.2,8729.76,20.0
https://www.nike.com/ph/t/aone-birthday-cake-ep-aja-wilson-basketball-shoes-x3dpNX/FZ8606-101,"https://static.nike.com/a/images/t_web_pw_592_v2/f_auto/u_9ddf04c7-2a9a-4d76-add1-d15af8f0263d,c_scale,fl_relative,w_1.0,h_1.0,fl_layer_apply/10cb0dca-924a-449f-afc0-309944ef0a08/A%27ONE+EP.png",A'One 'Birthday Cake' EP,9820.2,5892.12,40.0
https://www.nike.com/ph/t/free-metcon-6-workout-shoes-5L4dkH/FJ7127-010,"https://static.nike.com/a/images/t_web_pw_592_v2/f_auto/u_9ddf04c7-2a9a-4d76-add1-d15af8f0263d,c_scale,fl_relative,w_1.0,h_1.0,fl_layer_apply/e41d4454-eda3-464f-89cf-f83eb38eea8c/NIKE+FREE+METCON+6.png",Nike Free Metcon 6,10756.2,8604.96,20.0
https://www.nike.com/ph/t/jordan-trunner-lx-shoes-Xwg6vKYH/IM6531-001,"https://static.nike.com/a/images/t_web_pw_592_v2/f_auto/u_126ab356-44d8-4a06-89b4-fcdcc8df0245,c_scale,fl_relative,w_1.0,h_1.0,fl_layer_apply/2b5d6d60-9b6c-4240-ac60-93957aa882d8/WMNS+JORDAN+TRUNNER+LX+RA.png",Jordan Trunner LX,11848.2,7108.92,40.0
https://www.nike.com/ph/t/go-flyease-easy-on-off-shoes-3svRCL/DR5540-002,"https://static.nike.com/a/images/t_web_pw_592_v2/f_auto/u_9ddf04c7-2a9a-4d76-add1-d15af8f0263d,c_scale,fl_relative,w_1.0,h_1.0,fl_layer_apply/247616b5-1d3b-4777-abbb-d5e08a924b78/NIKE+GO+FLYEASE.png",Nike Go FlyEase,11068.2,8854.56,20.0
https://www.nike.com/ph/t/dunk-low-next-nature-shoes-wbxcmN/DD1873-113,"https://static.nike.com/a/images/t_web_pw_592_v2/f_auto/u_9ddf04c7-2a9a-4d76-add1-d15af8f0263d,c_scale,fl_relative,w_1.0,h_1.0,fl_layer_apply/43667353-8634-4a13-be26-418b9c1da59e/W+NIKE+DUNK+LOW+NEXT+NATURE.png",Nike Dunk Low Next Nature,9196.2,7356.96,20.0
https://www.nike.com/ph/t/rise-dri-fit-trucker-cap-WxfhkR/HJ7018-010,"https://static.nike.com/a/images/t_web_pw_592_v2/f_auto/u_9ddf04c7-2a9a-4d76-add1-d15af8f0263d,c_scale,fl_relative,w_1.0,h_1.0,fl_layer_apply/e0b09b29-adc8-461d-ab9c-63c2c9ac5455/U+NK+DF+RISE+CAP+AB+BIG+SWSH.png",Nike Rise,1630.2,1304.16,20.0
https://www.nike.com/ph/t/zoom-vomero-roam-winterized-shoes-ng8r6Z88/HQ2181-500,"https://static.nike.com/a/images/t_web_pw_592_v2/f_auto/u_9ddf04c7-2a9a-4d76-add1-d15af8f0263d,c_scale,fl_relative,w_1.0,h_1.0,fl_layer_apply/d28850a4-b7bf-4a87-9bb6-5c2b268361f5/W+NIKE+ZOOM+VOMERO+ROAM.png",Nike Zoom Vomero Roam,15436.2,12348.96,20.0
https://www.nike.com/ph/t/jordan-brooklyn-t-shirt-NdoKYryU/IM6503-010,"https://static.nike.com/a/images/t_web_pw_592_v2/f_auto/u_126ab356-44d8-4a06-89b4-fcdcc8df0245,c_scale,fl_relative,w_1.0,h_1.0,fl_layer_apply/325dc66f-81a0-460f-abd4-5d6b100a2597/M+J+BRK+AJ11+AD+GFX+SS+CREW.png",Jordan Brooklyn,2800.2,2240.16,20.0
https://www.nike.com/ph/t/air-force-1-07-vintage-shoes-nma1JmL0/HV4403-601,"https://static.nike.com/a/images/t_web_pw_592_v2/f_auto/u_9ddf04c7-2a9a-4d76-add1-d15af8f0263d,c_scale,fl_relative,w_1.0,h_1.0,fl_layer_apply/988a79be-5cee-46cf-8502-d1329aded4ac/W+AIR+FORCE+1+%2707+VINTAGE.png",Nike Air Force 1 '07 Vintage,10912.2,8729.76,20.0
https://www.nike.com/ph/t/court-borough-low-recraft-younger-shoes-bbnBNv/HM6298-480,"https://static.nike.com/a/images/t_web_pw_592_v2/f_auto/u_9ddf04c7-2a9a-4d76-add1-d15af8f0263d,c_scale,fl_relative,w_1.0,h_1.0,fl_layer_apply/ec8d5887-fa76-4468-a7fe-1c892f80db9a/COURT+BOROUGH+LOW+RECRAFT+%28PS%29.png",Nike Court Borough Low Recraft,3736.2,2988.96,20.0
https://www.nike.com/ph/t/jordan-brand-t-shirt-f4282M7M/IF5619-100,"https://static.nike.com/a/images/t_web_pw_592_v2/f_auto/u_126ab356-44d8-4a06-89b4-fcdcc8df0245,c_scale,fl_relative,w_1.0,h_1.0,fl_layer_apply/d0fdaa97-5549-417a-8992-4ee56d62cd20/M+J+BRAND+AUTH+JRDN+SS+CREW.png",Jordan Brand,2176.2,1740.96,20.0
https://www.nike.com/ph/t/reax-8-tr-workout-shoes-K4q2TBes/IO2400-001,"https://static.nike.com/a/images/t_web_pw_592_v2/f_auto/u_9ddf04c7-2a9a-4d76-add1-d15af8f0263d,c_scale,fl_relative,w_1.0,h_1.0,fl_layer_apply/17619103-7f33-4b25-be48-e91c2350e860/W+NIKE+REAX+8+TR+MESH.png",Nike Reax 8 TR,7324.2,5859.36,20.0
https://www.nike.com/ph/t/field-general-shoes-SFLabpIL/IM3075-001,"https://static.nike.com/a/images/t_web_pw_592_v2/f_auto/u_9ddf04c7-2a9a-4d76-add1-d15af8f0263d,c_scale,fl_relative,w_1.0,h_1.0,fl_layer_apply/da08128a-9df7-4087-90ba-9686c6f75da8/NIKE+FIELD+GENERAL+PRM.png",Nike Field General Premium,12628.2,7576.92,40.0
https://www.nike.com/ph/t/zegama-2-trail-running-shoes-HkzqFJ/FD5190-002,"https://static.nike.com/a/images/t_web_pw_592_v2/f_auto/u_9ddf04c7-2a9a-4d76-add1-d15af8f0263d,c_scale,fl_relative,w_1.0,h_1.0,fl_layer_apply/22b866f5-700d-4eb6-ac88-a197c9aa8694/NIKE+ZOOMX+ZEGAMA+TRAIL+2.png",Nike Zegama 2,15436.2,12348.96,20.0
https://www.nike.com/ph/t/phantom-run-2-road-running-shoes-tW5NcL/CJ0280-100,"https://static.nike.com/a/images/t_web_pw_592_v2/f_auto/u_9ddf04c7-2a9a-4d76-add1-d15af8f0263d,c_scale,fl_relative,w_1.0,h_1.0,fl_layer_apply/i1-268df378-99e9-4f60-9b4e-c18b9485bc91/W+NIKE+REACT+PHANTOM+RUN+FK+2.png",Nike Phantom Run 2,11224.2,8979.36,20.0
https://www.nike.com/ph/t/air-jordan-1-low-g-golf-shoes-8bKbqs/DD9315-108,"https://static.nike.com/a/images/t_web_pw_592_v2/f_auto/u_126ab356-44d8-4a06-89b4-fcdcc8df0245,c_scale,fl_relative,w_1.0,h_1.0,fl_layer_apply/b0f7a856-a510-4b64-a595-b809ef1318f0/AIR+JORDAN+1+LOW+G.png",Air Jordan 1 Low G,11848.2,9478.56,20.0
https://www.nike.com/ph/t/giannis-immortality-4-older-basketball-shoes-viEsYyx1/IH7664-005,"https://static.nike.com/a/images/t_web_pw_592_v2/f_auto/u_9ddf04c7-2a9a-4d76-add1-d15af8f0263d,c_scale,fl_relative,w_1.0,h_1.0,fl_layer_apply/411bee2f-3946-4a99-a615-f29b4295f679/GIANNIS+IMMORTALITY+4+%28GS%29.png",Giannis Immortality 4,5608.2,4486.56,20.0
https://www.nike.com/ph/t/pegasus-se-road-running-shoes-T5FhIitS/IH0861-500,"https://static.nike.com/a/images/t_web_pw_592_v2/f_auto/u_9ddf04c7-2a9a-4d76-add1-d15af8f0263d,c_scale,fl_relative,w_1.0,h_1.0,fl_layer_apply/e1483a6e-8287-4421-b815-1097e6348e26/W+NIKE+PEGASUS+PREMIUM+SE.png",Nike Pegasus Premium SE,19180.2,15344.16,20.0
https://www.nike.com/ph/t/air-superfly-shoes-NrZqm4/HJ8082-100,"https://static.nike.com/a/images/t_web_pw_592_v2/f_auto/u_9ddf04c7-2a9a-4d76-add1-d15af8f0263d,c_scale,fl_relative,w_1.0,h_1.0,fl_layer_apply/34286bf3-58ae-4c9c-8350-3da09eb92993/W+NIKE+AIR+SUPERFLY.png",Nike Air Superfly,9040.2,7232.16,20.0
https://www.nike.com/ph/t/sb-dunk-low-pro-skate-shoes-oZ5rakZd/HQ1625-500,"https://static.nike.com/a/images/t_web_pw_592_v2/f_auto/u_9ddf04c7-2a9a-4d76-add1-d15af8f0263d,c_scale,fl_relative,w_1.0,h_1.0,fl_layer_apply/cee94c98-052e-4e0a-a3be-8c170cf02ce2/NIKE+SB+DUNK+LOW+PRO.png",Nike SB Dunk Low Pro,9820.2,7856.16,20.0
https://www.nike.com/ph/t/vaporfly-4-eliud-kipchoge-road-racing-shoes-FYPEB3Hp/IH0869-605,"https://static.nike.com/a/images/t_web_pw_592_v2/f_auto/u_9ddf04c7-2a9a-4d76-add1-d15af8f0263d,c_scale,fl_relative,w_1.0,h_1.0,fl_layer_apply/833fb6e2-e7c9-4a89-b2c4-fdc4ade82b04/ZOOMX+VAPORFLY+NEXT%25+4+EK.png",Nike Vaporfly 4 'Eliud Kipchoge',21832.2,17465.76,20.0
https://www.nike.com/ph/t/air-pegasus-wave-se-shoes-DTLFIha6/IB2916-100,"https://static.nike.com/a/images/t_web_pw_592_v2/f_auto/u_9ddf04c7-2a9a-4d76-add1-d15af8f0263d,c_scale,fl_relative,w_1.0,h_1.0,fl_layer_apply/069bdd21-ec24-4c14-97d0-636f2b1962f9/NIKE+AIR+PEGASUS+WAVE+SE.png",Nike Air Pegasus Wave SE,13876.2,8325.72,40.0
https://www.nike.com/ph/t/dri-fit-adv-rise-structured-swooshflex-cap-kcTlKG/FB5633-010,"https://static.nike.com/a/images/t_web_pw_592_v2/f_auto/u_9ddf04c7-2a9a-4d76-add1-d15af8f0263d,c_scale,fl_relative,w_1.0,h_1.0,fl_layer_apply/c74ac236-14c7-49ed-9ec5-d633e50ddb9e/U+NK+DFADV+RISE+CAP+S+AB+SF+P.png",Nike Dri-FIT ADV Rise,2020.2,1616.16,20.0
https://www.nike.com/ph/t/shox-r4-shoes-4gHp3R/HQ1988-102,"https://static.nike.com/a/images/t_web_pw_592_v2/f_auto/u_9ddf04c7-2a9a-4d76-add1-d15af8f0263d,c_scale,fl_relative,w_1.0,h_1.0,fl_layer_apply/35d5b054-2df3-46f8-b0ec-4acf6d36dc7e/NIKE+SHOX+R4.png",Nike Shox R4,13408.2,10726.56,20.0
https://www.nike.com/ph/t/air-max-moto-2k-shoes-with-reflective-design-accents-Uupw2NrO/HQ2056-400,"https://static.nike.com/a/images/t_web_pw_592_v2/f_auto/u_9ddf04c7-2a9a-4d76-add1-d15af8f0263d,c_scale,fl_relative,w_1.0,h_1.0,fl_layer_apply/73d16394-5120-4e21-983e-0b6480c08168/W+NIKE+AIR+MAX+MOTO+2K.png",Nike Air Max Moto 2K,11380.2,9104.16,20.0
https://www.nike.com/ph/t/terra-manta-suede-shoes-EEz2ncQA/IM6483-400,"https://static.nike.com/a/images/t_web_pw_592_v2/f_auto/u_9ddf04c7-2a9a-4d76-add1-d15af8f0263d,c_scale,fl_relative,w_1.0,h_1.0,fl_layer_apply/4fbe1a93-52d9-49ff-9ffe-883b45758fa7/NIKE+TERRA+MANTA+SUEDE.png",Nike Terra Manta Suede,7480.2,5984.16,20.0
https://www.nike.com/ph/t/gt-hustle-academy-ep-basketball-shoes-dTknbG/FJ7808-006,"https://static.nike.com/a/images/t_web_pw_592_v2/f_auto/u_9ddf04c7-2a9a-4d76-add1-d15af8f0263d,c_scale,fl_relative,w_1.0,h_1.0,fl_layer_apply/c9bcb39a-5a2d-4bdd-979a-9a8b4883beac/G.T.+HUSTLE+ACADEMY+EP.png",G.T. Hustle Academy EP,7792.2,6233.76,20.0
https://www.nike.com/ph/t/tatum-4-pf-st-louis-basketball-shoes-9dNzTnZm/IO5031-600,"https://static.nike.com/a/images/t_web_pw_592_v2/f_auto/u_126ab356-44d8-4a06-89b4-fcdcc8df0245,c_scale,fl_relative,w_1.0,h_1.0,fl_layer_apply/e34a41ae-27ad-487f-a229-21f5822a5cc7/JORDAN+TATUM+4+PREM+PF.png",Tatum 4 PF 'St. Louis',11380.2,9104.16,20.0
https://www.nike.com/ph/t/jordan-1-low-alt-se-younger-shoes-k3DjEzs6/HV4442-014,"https://static.nike.com/a/images/t_web_pw_592_v2/f_auto/u_126ab356-44d8-4a06-89b4-fcdcc8df0245,c_scale,fl_relative,w_1.0,h_1.0,fl_layer_apply/9154e2b9-c92c-475c-899b-c66e9c5a43ef/JORDAN+1+LOW+ALT+SE+%28PS%29.png",Jordan 1 Low Alt SE,5608.2,4486.56,20.0
https://www.nike.com/ph/t/jordan-23-72-easyon-younger-shoes-NqRqYwe8/HV4425-400,"https://static.nike.com/a/images/t_web_pw_592_v2/f_auto/u_126ab356-44d8-4a06-89b4-fcdcc8df0245,c_scale,fl_relative,w_1.0,h_1.0,fl_layer_apply/3dd4dc7f-22c7-4497-aebc-93eb279a707e/JORDAN+23%2F7.2+EASYON+SE+%28PS%29.png",Jordan 23/7.2 EasyOn,5608.2,4486.56,20.0
https://www.nike.com/ph/t/brasilia-9-5-training-backpack-DQvDHm/DH7709-253,"https://static.nike.com/a/images/t_web_pw_592_v2/f_auto/u_9ddf04c7-2a9a-4d76-add1-d15af8f0263d,c_scale,fl_relative,w_1.0,h_1.0,fl_layer_apply/22cadfc5-ee68-4bac-abf3-954471d57716/NK+BRSLA+M+BKPK+-+9.5+%2824L%29.png",Nike Brasilia 9.5,3112.2,2489.76,20.0
https://www.nike.com/ph/t/jordan-flight-court-shoes-dJtQ08/FZ9854-003,"https://static.nike.com/a/images/t_web_pw_592_v2/f_auto/u_126ab356-44d8-4a06-89b4-fcdcc8df0245,c_scale,fl_relative,w_1.0,h_1.0,fl_layer_apply/9597f29a-865a-4cb3-9b04-6b1cbb6d77df/WMNS+JORDAN+FLIGHT+COURT.png",Jordan Flight Court,9040.2,7232.16,20.0
https://www.nike.com/ph/t/sportswear-futura-365-mini-backpack-nc3WGm/CW9301-016,"https://static.nike.com/a/images/t_web_pw_592_v2/f_auto/u_9ddf04c7-2a9a-4d76-add1-d15af8f0263d,c_scale,fl_relative,w_1.0,h_1.0,fl_layer_apply/60819e26-2dbc-458c-b76c-c5dc345711e7/W+NSW+FUTURA+365+MINI+BKPK.png",Nike Sportswear Futura 365,2176.2,1740.96,20.0
https://www.nike.com/ph/t/sportswear-essentials-logo-t-shirt-MF2nms/DX7907-053,https://static.nike.com/a/images/t_web_pw_592_v2/f_auto/cb8d9138-6f47-4e40-8f1e-cbcce1d5e23e/AS+W+NSW+CLUB+SS+TEE+ICN+FTRA.png,Nike Sportswear Essentials,2176.2,1740.96,20.0
https://www.nike.com/ph/t/jordan-jumpman-short-sleeve-t-shirt-df6fwF/DC7485-687,"https://static.nike.com/a/images/t_web_pw_592_v2/f_auto/u_126ab356-44d8-4a06-89b4-fcdcc8df0245,c_scale,fl_relative,w_1.0,h_1.0,fl_layer_apply/fa2da117-7cba-425f-a44d-88909f73eaba/M+J+JUMPMAN+EMB+SS+CREW.png",Jordan Jumpman,2020.2,1616.16,20.0
https://www.nike.com/ph/t/kd18-bad-basketball-shoes-bBFwvL/HV1991-501,"https://static.nike.com/a/images/t_web_pw_592_v2/f_auto/u_9ddf04c7-2a9a-4d76-add1-d15af8f0263d,c_scale,fl_relative,w_1.0,h_1.0,fl_layer_apply/2e6a894e-c22a-4c19-ab5c-c83a21a0ab5f/KD18+EP.png",KD18 'B.A.D',13408.2,10726.56,20.0
https://www.nike.com/ph/t/jordan-brooklyn-realtree-jumpman-t-shirt-kgxYQURh/HQ9016-010,"https://static.nike.com/a/images/t_web_pw_592_v2/f_auto/u_126ab356-44d8-4a06-89b4-fcdcc8df0245,c_scale,fl_relative,w_1.0,h_1.0,fl_layer_apply/12177cbe-3a52-4633-b072-564dffb1a6f5/M+J+BRK+RLT+JM+SS+CREW.png",Jordan Brooklyn,2176.2,1740.96,20.0
https://www.nike.com/ph/t/reactx-rejuven8-shoes-XsrrS0/HV5062-401,"https://static.nike.com/a/images/t_web_pw_592_v2/f_auto/u_9ddf04c7-2a9a-4d76-add1-d15af8f0263d,c_scale,fl_relative,w_1.0,h_1.0,fl_layer_apply/f5a40cad-2336-480a-a065-dc8d450b67b5/WMNS+NIKE+REACTX+REJUVEN8.png",Nike ReactX Rejuven8,6076.2,4860.96,20.0
https://www.nike.com/ph/t/blazer-low-77-vintage-shoes-5Gw9TZ/DA6364-101,"https://static.nike.com/a/images/t_web_pw_592_v2/f_auto/u_9ddf04c7-2a9a-4d76-add1-d15af8f0263d,c_scale,fl_relative,w_1.0,h_1.0,fl_layer_apply/b0173204-5c89-40e9-bae6-fc4fbbb67d12/BLAZER+LOW+%2777+VNTG.png",Nike Blazer Low '77 Vintage,6700.2,5364.84,19.93
https://www.nike.com/ph/t/heritage-winterized-eugene-backpack-j3gMBX/DN3592-253,"https://static.nike.com/a/images/t_web_pw_592_v2/f_auto/u_9ddf04c7-2a9a-4d76-add1-d15af8f0263d,c_scale,fl_relative,w_1.0,h_1.0,fl_layer_apply/bc7b7455-4f9d-4a5e-aae8-ae94bbeca7e7/NK+HERITAGE+EUGENE+WNTRZD+BKPK.png",Nike Heritage,4516.2,3612.96,20.0
https://www.nike.com/ph/t/pro-sculpt-dri-fit-high-waisted-12-5cm-biker-shorts-PE4jcV2y/HV2367-390,https://static.nike.com/a/images/t_web_pw_592_v2/f_auto/0b06a0ee-373c-4ede-81c7-ee2a5d70bf55/AS+W+NP+DF+SCULPT+HR+5IN+SRT.png,Nike Pro Sculpt,3112.2,2489.76,20.0
https://www.nike.com/ph/t/wio-11-road-running-shoes-2SNS3P/FJ9509-010,"https://static.nike.com/a/images/t_web_pw_592_v2/f_auto/u_9ddf04c7-2a9a-4d76-add1-d15af8f0263d,c_scale,fl_relative,w_1.0,h_1.0,fl_layer_apply/06666436-6932-4d85-8c44-0d019bd3b583/NIKE+AIR+WINFLO+11.png",Nike Winflo 11,8572.2,6857.76,20.0
https://www.nike.com/ph/t/calm-realtree-slides-ltDPvJlS/IF5621-600,"https://static.nike.com/a/images/t_web_pw_592_v2/f_auto/u_9ddf04c7-2a9a-4d76-add1-d15af8f0263d,c_scale,fl_relative,w_1.0,h_1.0,fl_layer_apply/a82ca955-5c85-4cf8-82bf-bcf48b4f2f58/W+NIKE+CALM+SLIDE+-+REALTREE.png",Nike Calm RealTree,5140.2,4112.16,20.0
https://www.nike.com/ph/t/brasilia-backpack-zPMJ8WhV/HV6638-480,"https://static.nike.com/a/images/t_web_pw_592_v2/f_auto/u_9ddf04c7-2a9a-4d76-add1-d15af8f0263d,c_scale,fl_relative,w_1.0,h_1.0,fl_layer_apply/a659c11b-b603-428e-8ab6-fa3ac9a03f83/Y+NK+BRSLA+BKPK+-+CAT+AOP+FA25.png",Nike Brasilia,2800.2,2240.16,20.0
https://www.nike.com/ph/t/jordan-sport-dri-fit-long-sleeve-t-shirt-QMwqEx0Q/HQ9038-010,"https://static.nike.com/a/images/t_web_pw_592_v2/f_auto/u_126ab356-44d8-4a06-89b4-fcdcc8df0245,c_scale,fl_relative,w_1.0,h_1.0,fl_layer_apply/0e7fbe95-fd31-4347-afa8-164eea77003a/M+J+DF+SPRT+GFX+LS+CREW.png",Jordan Sport,3112.2,2489.76,20.0
https://www.nike.com/ph/t/sb-malor-te-skate-shoes-dFgpng/HF3066-701,"https://static.nike.com/a/images/t_web_pw_592_v2/f_auto/u_9ddf04c7-2a9a-4d76-add1-d15af8f0263d,c_scale,fl_relative,w_1.0,h_1.0,fl_layer_apply/e852e7b4-2d41-463e-b68a-00ad89cc72c1/NIKE+SB+MALOR+TE.png",Nike SB Malor TE,6700.2,5360.16,20.0
https://www.nike.com/ph/t/alphafly-3-road-racing-shoes-C4VXTw/FD8315-601,"https://static.nike.com/a/images/t_web_pw_592_v2/f_auto/u_9ddf04c7-2a9a-4d76-add1-d15af8f0263d,c_scale,fl_relative,w_1.0,h_1.0,fl_layer_apply/5cb0535c-ce52-45c3-bde1-8dad17e5022c/W+AIR+ZOOM+ALPHAFLY+NEXT%25+3.png",Nike Alphafly 3,22612.2,18089.76,20.0
https://www.nike.com/ph/t/jordan-sport-dri-fit-high-waisted-15cm-shorts-PMR9ALOR/HQ9768-010,"https://static.nike.com/a/images/t_web_pw_592_v2/f_auto/u_126ab356-44d8-4a06-89b4-fcdcc8df0245,c_scale,fl_relative,w_1.0,h_1.0,fl_layer_apply/4feedfef-0e2c-40d5-b0ef-b6b632b377b9/W+J+SPT+DF+PRCT+HR+6IN+SHRT.png",Jordan Sport,3112.2,2489.76,20.0
https://www.nike.com/ph/t/big-low-shoes-JWZJlt/355152-140,"https://static.nike.com/a/images/t_web_pw_592_v2/f_auto/u_9ddf04c7-2a9a-4d76-add1-d15af8f0263d,c_scale,fl_relative,w_1.0,h_1.0,fl_layer_apply/bb4e381c-84ae-4ced-814f-8553afc6eacf/BIG+NIKE+LOW.png",Nike Big Low,7324.2,5859.36,20.0
https://www.nike.com/ph/t/giannis-immortality-4-younger-shoes-ZTzvXHSU/IH7665-601,"https://static.nike.com/a/images/t_web_pw_592_v2/f_auto/u_9ddf04c7-2a9a-4d76-add1-d15af8f0263d,c_scale,fl_relative,w_1.0,h_1.0,fl_layer_apply/b479d5f7-9424-4fce-98c1-3c6bab4921b8/GIANNIS+IMMORTALITY+4+%28PS%29.png",Giannis Immortality 4,5218.2,4174.56,20.0
https://www.nike.com/ph/t/motiva-walking-shoes-Fjzkq7/DV1237-001,"https://static.nike.com/a/images/t_web_pw_592_v2/f_auto/u_9ddf04c7-2a9a-4d76-add1-d15af8f0263d,c_scale,fl_relative,w_1.0,h_1.0,fl_layer_apply/73386563-1164-41cc-927c-5e4f708b228e/NIKE+MOTIVA.png",Nike Motiva,9664.2,7736.04,19.95
https://www.nike.com/ph/t/full-force-low-shoes-6d4K53No/FZ4629-100,"https://static.nike.com/a/images/t_web_pw_592_v2/f_auto/u_9ddf04c7-2a9a-4d76-add1-d15af8f0263d,c_scale,fl_relative,w_1.0,h_1.0,fl_layer_apply/06248951-0ddb-417f-b786-ee13d88d2a41/NIKE+FULL+FORCE+LO.png",Nike Full Force Low,9820.2,5892.12,40.0
https://www.nike.com/ph/t/air-jordan-1-mid-se-shoes-6QykIUwJ/HQ2011-100,"https://static.nike.com/a/images/t_web_pw_592_v2/f_auto/u_126ab356-44d8-4a06-89b4-fcdcc8df0245,c_scale,fl_relative,w_1.0,h_1.0,fl_layer_apply/7412f12f-aecd-4291-9a86-86610679210a/AIR+JORDAN+1+MID+SE.png",Air Jordan 1 Mid SE,12316.2,7389.72,40.0
https://www.nike.com/ph/t/mercurial-superfly-10-elite-sam-kerr-high-top-football-boot-LdPY7prZ/HV8859-100,"https://static.nike.com/a/images/t_web_pw_592_v2/f_auto/u_9ddf04c7-2a9a-4d76-add1-d15af8f0263d,c_scale,fl_relative,w_1.0,h_1.0,fl_layer_apply/ed1e1305-096c-4d1c-8a79-a9d13b9e6144/ZM+SUPERFLY+10+ELITE+FG+SK.png",Nike Mercurial Superfly 10 Elite 'Sam Kerr',28696.2,17217.72,40.0
https://www.nike.com/ph/t/air-jordan-1-brooklyn-low-shoes-htz4WV/HF3184-700,"https://static.nike.com/a/images/t_web_pw_592_v2/f_auto/u_126ab356-44d8-4a06-89b4-fcdcc8df0245,c_scale,fl_relative,w_1.0,h_1.0,fl_layer_apply/1d5c60c0-9f4b-4c6f-9f30-05fde85bbbbd/W+AIR+JORDAN+1+BROOKLYN+LOW.png",Air Jordan 1 Brooklyn Low,14188.2,11350.56,20.0
https://www.nike.com/ph/t/air-force-1-07-lv8-shoes-yRQ4h9Fb/IM6001-475,"https://static.nike.com/a/images/t_web_pw_592_v2/f_auto/u_9ddf04c7-2a9a-4d76-add1-d15af8f0263d,c_scale,fl_relative,w_1.0,h_1.0,fl_layer_apply/8d776c04-a43f-4bb4-8b65-088669a7f8e5/NIKE+AIR+FORCE+1+%2707+LV8.png",Nike Air Force 1 '07 LV8,11848.2,9478.56,20.0
https://www.nike.com/ph/t/sb-kearny-cargo-skate-trousers-6Vz0zV/FV7348-010,https://static.nike.com/a/images/t_web_pw_592_v2/f_auto/526707cf-3b74-4835-82e4-eb8f19d3c08b/AS+U+NK+SB+DF+KEARNY+CRGO+PNT.png,Nike SB Kearny,5920.2,4736.16,20.0
https://www.nike.com/ph/t/jordan-rare-air-t-shirt-6294cd/IB3130-010,"https://static.nike.com/a/images/t_web_pw_592_v2/f_auto/u_126ab356-44d8-4a06-89b4-fcdcc8df0245,c_scale,fl_relative,w_1.0,h_1.0,fl_layer_apply/3ed4e0d4-e6a7-4953-9e83-01dae33d4715/M+J+RARE+AIR+WSH+85+SS+CREW.png",Jordan Rare Air,3892.2,2335.32,40.0
https://www.nike.com/ph/t/air-jordan-1-low-se-older-shoes-5SCWG8Qd/HV4396-201,"https://static.nike.com/a/images/t_web_pw_592_v2/f_auto/u_126ab356-44d8-4a06-89b4-fcdcc8df0245,c_scale,fl_relative,w_1.0,h_1.0,fl_layer_apply/526fdd69-691b-4535-8e26-99dd554c8725/AIR+JORDAN+1+LOW+SE+%28GS%29.png",Air Jordan 1 Low SE,8572.2,6857.76,20.0
https://www.nike.com/ph/t/jordan-trunner-lx-shoes-vYJ9xBAU/HQ2164-001,"https://static.nike.com/a/images/t_web_pw_592_v2/f_auto/u_126ab356-44d8-4a06-89b4-fcdcc8df0245,c_scale,fl_relative,w_1.0,h_1.0,fl_layer_apply/876f69d3-1b55-4920-8606-c8dd8d5066f3/WMNS+JORDAN+TRUNNER+LX.png",Jordan Trunner LX,11848.2,7108.92,40.0
https://www.nike.com/ph/t/jordan-brooklyn-aj11-graphic-long-sleeve-t-shirt-izX5uJld/IM6507-100,"https://static.nike.com/a/images/t_web_pw_592_v2/f_auto/u_126ab356-44d8-4a06-89b4-fcdcc8df0245,c_scale,fl_relative,w_1.0,h_1.0,fl_layer_apply/70371f28-29c8-4ef2-8710-bc31eda0d021/M+J+BRK+AJ11+GFX+LS+CREW.png",Jordan Brooklyn,3112.2,2489.76,20.0
https://www.nike.com/ph/t/v2k-run-shoes-with-reflective-design-accents-zJV8TV/FD0736-114,"https://static.nike.com/a/images/t_web_pw_592_v2/f_auto/u_9ddf04c7-2a9a-4d76-add1-d15af8f0263d,c_scale,fl_relative,w_1.0,h_1.0,fl_layer_apply/8f4eae9d-9e14-44a8-baaa-405f76b13b14/W+NIKE+V2K+RUN.png",Nike V2K Run,10756.2,8604.96,20.0
https://www.nike.com/ph/t/gym-tote-GcMSHX/DR7217-009,"https://static.nike.com/a/images/t_web_pw_592_v2/f_auto/u_9ddf04c7-2a9a-4d76-add1-d15af8f0263d,c_scale,fl_relative,w_1.0,h_1.0,fl_layer_apply/cd78741a-9a98-40fb-9959-c9564f3df913/NK+GYM+TOTE.png",Nike,3112.2,2489.76,20.0
https://www.nike.com/ph/t/giannis-freak-7-shapeshift-ep-basketball-shoes-hEXsNWuN/IM5840-001,"https://static.nike.com/a/images/t_web_pw_592_v2/f_auto/u_9ddf04c7-2a9a-4d76-add1-d15af8f0263d,c_scale,fl_relative,w_1.0,h_1.0,fl_layer_apply/bd3abfc8-335f-48ad-88fa-23822028936f/GIANNIS+FREAK+7+SE+EP.png","Giannis Freak 7 ""Shapeshift"" EP",10756.2,8604.96,20.0
https://www.nike.com/ph/t/everyday-plus-cushioned-crew-socks-lG0HIBvb/HV6864-900,"https://static.nike.com/a/images/t_web_pw_592_v2/f_auto/u_9ddf04c7-2a9a-4d76-add1-d15af8f0263d,c_scale,fl_relative,w_1.0,h_1.0,fl_layer_apply/d1dccdfb-fc93-4dab-a281-c14ede65e65e/U+NK+ED+PL+CSH+CRW+3P+144+WGFX.png",Nike Everyday Plus,1552.2,1241.76,20.0
https://www.nike.com/ph/t/older-1-4-zip-top-uSFx4AJv/HV0197-100,https://static.nike.com/a/images/t_web_pw_592_v2/f_auto/0498c52b-efed-41ca-88cb-f16b1773775a/K+NK+TF+LS+HZ+TOP+WARM.png,Nike,3580.2,2864.16,20.0
https://www.nike.com/ph/t/fc-barcelona-football-t-shirt-lmChe9rp/HQ1754-677,https://static.nike.com/a/images/t_web_pw_592_v2/f_auto/3cc7a083-4402-4275-9e61-08f5cf5b9765/AS+FCB+M+NK+BARCA+TEE.png,F.C. Barcelona,2176.2,1740.96,20.0
https://www.nike.com/ph/t/react-sfb-carbon-elite-outdoor-shoes-3q2VLV/CK9951-001,"https://static.nike.com/a/images/t_web_pw_592_v2/f_auto/u_9ddf04c7-2a9a-4d76-add1-d15af8f0263d,c_scale,fl_relative,w_1.0,h_1.0,fl_layer_apply/be7488b4-f5c0-4df9-a38d-6b64d0391e45/NIKE+REACT+SFB+CARBON.png",Nike React SFB Carbon,14032.2,11225.76,20.0
https://www.nike.com/ph/t/team-hustle-d-12-younger-shoes-jZj4M6/HF6280-101,"https://static.nike.com/a/images/t_web_pw_592_v2/f_auto/u_9ddf04c7-2a9a-4d76-add1-d15af8f0263d,c_scale,fl_relative,w_1.0,h_1.0,fl_layer_apply/a2b37f8e-f8b8-419a-b6dc-8e763eab3ba5/TEAM+HUSTLE+D+12+%28PS%29.png",Nike Team Hustle D 12,4828.2,3862.56,20.0
https://www.nike.com/ph/t/air-max-1-86-og-g-golf-shoes-1nTPMG/FN0697-100,"https://static.nike.com/a/images/t_web_pw_592_v2/f_auto/u_9ddf04c7-2a9a-4d76-add1-d15af8f0263d,c_scale,fl_relative,w_1.0,h_1.0,fl_layer_apply/50ea5d8e-6c15-43ea-80d6-73156db9657e/NIKE+AIR+MAX+1+%2786+OG+G.png",Nike Air Max 1 '86 OG G,13876.2,11100.96,20.0
https://www.nike.com/ph/t/sabrina-3-older-basketball-shoes-7LnRDu46/IB3088-300,"https://static.nike.com/a/images/t_web_pw_592_v2/f_auto/u_9ddf04c7-2a9a-4d76-add1-d15af8f0263d,c_scale,fl_relative,w_1.0,h_1.0,fl_layer_apply/21b505b0-25bf-484b-8123-7003c3b9dbe1/SABRINA+3+%28GS%29.png",Sabrina 3,7948.2,6358.56,20.0
https://www.nike.com/ph/t/swift-dri-fit-mid-rise-2-in-1-running-shorts-91NJpd/HJ5377-634,https://static.nike.com/a/images/t_web_pw_592_v2/f_auto/891ba5dc-ae0c-43c7-b24f-e3592b4b0811/AS+W+NK+SWIFT+DF+MR+2N1+SHRT.png,Nike Swift,3424.2,2739.36,20.0
https://www.nike.com/ph/t/bella-7-workout-shoes-2912BV/FZ1689-107,"https://static.nike.com/a/images/t_web_pw_592_v2/f_auto/u_9ddf04c7-2a9a-4d76-add1-d15af8f0263d,c_scale,fl_relative,w_1.0,h_1.0,fl_layer_apply/def34433-c99f-4f89-924b-5c8b3700426e/W+NIKE+AIR+ZOOM+BELLA+7.png",Nike Bella 7,8104.2,6483.36,20.0
https://www.nike.com/ph/t/jordan-max-aura-7-shoes-p0cy7ZmC/HQ2091-007,"https://static.nike.com/a/images/t_web_pw_592_v2/f_auto/u_126ab356-44d8-4a06-89b4-fcdcc8df0245,c_scale,fl_relative,w_1.0,h_1.0,fl_layer_apply/fc41eff7-8374-4cab-87ff-bed6e59bbfd2/JORDAN+MAX+AURA+7.png",Jordan Max Aura 7,11848.2,9478.56,20.0
https://www.nike.com/ph/t/aura-crescent-cross-body-bag-fPAlRMez/IB6207-229,"https://static.nike.com/a/images/t_web_pw_592_v2/f_auto/u_9ddf04c7-2a9a-4d76-add1-d15af8f0263d,c_scale,fl_relative,w_1.0,h_1.0,fl_layer_apply/be97d5bc-f97b-4352-ad7a-5e673be473c4/NK+AURA+CRSCNT+CRSSBY-CORD.png",Nike Aura,3892.2,3113.76,20.0
https://www.nike.com/ph/t/court-borough-low-recraft-shoes-3JT7d2/HM6300-480,"https://static.nike.com/a/images/t_web_pw_592_v2/f_auto/u_9ddf04c7-2a9a-4d76-add1-d15af8f0263d,c_scale,fl_relative,w_1.0,h_1.0,fl_layer_apply/2f1b6974-1012-4a7e-b334-67f838a21156/COURT+BOROUGH+LOW+RECRAFT+TD.png",Nike Court Borough Low Recraft,2956.2,2364.96,20.0
https://www.nike.com/ph/t/jordan-sport-hoop-fleece-dri-fit-hoodie-Z1DbBr/FV8602-010,"https://static.nike.com/a/images/t_web_pw_592_v2/f_auto/u_126ab356-44d8-4a06-89b4-fcdcc8df0245,c_scale,fl_relative,w_1.0,h_1.0,fl_layer_apply/3e5360e9-30cf-44a7-9287-81868387d8ea/M+J+DF+SPRT+HOOP+FLC+FZ.png",Jordan Sport Hoop Fleece,7012.2,5609.76,20.0
https://www.nike.com/ph/t/air-force-1-07-shoes-daGXOe1a/HV4406-001,"https://static.nike.com/a/images/t_web_pw_592_v2/f_auto/u_9ddf04c7-2a9a-4d76-add1-d15af8f0263d,c_scale,fl_relative,w_1.0,h_1.0,fl_layer_apply/56f0f0c4-b3a9-4c75-a68d-057b2c27acd9/W+AIR+FORCE+1+%2707.png",Nike Air Force 1 '07,10912.2,8729.76,20.0
https://www.nike.com/ph/t/one-high-waisted-full-length-leggings-ujC4tToS/IM7053-390,https://static.nike.com/a/images/t_web_pw_592_v2/f_auto/5b83d5dc-b5e3-4474-b3c3-9f5b1ac806cd/AS+W+NK+DF+ONE+HR+TIGHT+PE.png,Nike One,4204.2,3363.36,20.0
https://www.nike.com/ph/t/running-lightweight-no-show-socks-DurrWKV5/HV6931-050,"https://static.nike.com/a/images/t_web_pw_592_v2/f_auto/u_9ddf04c7-2a9a-4d76-add1-d15af8f0263d,c_scale,fl_relative,w_1.0,h_1.0,fl_layer_apply/8ca036f8-467d-4273-8bc6-8fb8180288ff/U+NK+LTWT+RUN+NS+1PR+-+200.png",Nike Running Lightweight,1318.2,1054.56,20.0
https://www.nike.com/ph/t/infinity-tour-boa-2-golf-shoes-L4k0Ds/FN6730-003,"https://static.nike.com/a/images/t_web_pw_592_v2/f_auto/u_9ddf04c7-2a9a-4d76-add1-d15af8f0263d,c_scale,fl_relative,w_1.0,h_1.0,fl_layer_apply/6c99f9aa-d5f2-4668-a393-2f523ee30a82/AR+ZM+INFINITY+TR+NXT%25+BOA+2+W.png",Nike Infinity Tour BOA 2,16996.2,13596.96,20.0
https://www.nike.com/ph/t/st-flare-ep-basketball-shoes-QDxrEXLY/HF0232-002,"https://static.nike.com/a/images/t_web_pw_592_v2/f_auto/u_9ddf04c7-2a9a-4d76-add1-d15af8f0263d,c_scale,fl_relative,w_1.0,h_1.0,fl_layer_apply/9028e469-baea-48a0-8202-a976b509df4e/NIKE+S.T.+FLARE+EP.png",Nike S.T. Flare EP,10756.2,6453.72,40.0
https://www.nike.com/ph/t/air-jordan-rare-air-french-terry-shorts-9Z3kWX/IF1411-470,"https://static.nike.com/a/images/t_web_pw_592_v2/f_auto/u_126ab356-44d8-4a06-89b4-fcdcc8df0245,c_scale,fl_relative,w_1.0,h_1.0,fl_layer_apply/d05ca127-de04-441c-b615-096af705eeca/M+J+AIR+JDN+RAIR+FLC+SHORT.png",Air Jordan Rare Air,4828.2,2896.92,40.0
https://www.nike.com/ph/t/sportswear-futura-365-mini-backpack-FnZo4yWz/HV6622-126,"https://static.nike.com/a/images/t_web_pw_592_v2/f_auto/u_9ddf04c7-2a9a-4d76-add1-d15af8f0263d,c_scale,fl_relative,w_1.0,h_1.0,fl_layer_apply/eaeb5c40-e991-419e-a49d-128c8d1cd958/W+NSW+FUTURA365+MINI+BPK-SWIRL.png",Nike Sportswear Futura 365,2800.2,2240.16,20.0
https://www.nike.com/ph/t/pro-dri-fit-tank-top-vKwmoOb6/HV3668-010,https://static.nike.com/a/images/t_web_pw_592_v2/f_auto/030f8ec1-1f81-419e-931a-2059680e4ffb/AS+W+NP+TANK+GG+GRX.png,Nike Pro,3268.2,2614.56,20.0
https://www.nike.com/ph/t/dunk-low-retro-limited-shoes-3WqdtaBE/IB2267-001,"https://static.nike.com/a/images/t_web_pw_592_v2/f_auto/u_9ddf04c7-2a9a-4d76-add1-d15af8f0263d,c_scale,fl_relative,w_1.0,h_1.0,fl_layer_apply/d9eaab9f-5089-47b5-9095-df566497c83e/NIKE+DUNK+LOW+RETRO+LTD+HWN.png",Nike Dunk Low Retro Limited,11848.2,9478.56,20.0
https://www.nike.com/ph/t/jordan-flight-court-shoes-PjpdDM/HF3255-112,"https://static.nike.com/a/images/t_web_pw_592_v2/f_auto/u_126ab356-44d8-4a06-89b4-fcdcc8df0245,c_scale,fl_relative,w_1.0,h_1.0,fl_layer_apply/d994966c-1463-45a7-9dce-f87e204cfb69/JORDAN+FLIGHT+COURT.png",Jordan Flight Court,9040.2,7232.16,20.0
https://www.nike.com/ph/t/motiva-walking-shoes-dCcsVX/DV1238-112,"https://static.nike.com/a/images/t_web_pw_592_v2/f_auto/u_9ddf04c7-2a9a-4d76-add1-d15af8f0263d,c_scale,fl_relative,w_1.0,h_1.0,fl_layer_apply/d9485ba3-0298-475f-8942-20f904b81c26/WMNS+NIKE+MOTIVA.png",Nike Motiva,9664.2,7731.36,20.0
https://www.nike.com/ph/t/air-jordan-mvp-92-shoes-IYrNhunG/HQ3950-600,"https://static.nike.com/a/images/t_web_pw_592_v2/f_auto/u_126ab356-44d8-4a06-89b4-fcdcc8df0245,c_scale,fl_relative,w_1.0,h_1.0,fl_layer_apply/fa520b8b-7421-4ef8-abd0-e9ed2fe9d843/JORDAN+MVP+92.png",Air Jordan MVP 92,13096.2,10476.96,20.0
https://www.nike.com/ph/t/one-dri-fit-high-waisted-8cm-2-in-1-shorts-lwIgFAhU/IM7517-010,https://static.nike.com/a/images/t_web_pw_592_v2/f_auto/f06c2a48-019a-40f6-aa5c-9e486dcde791/AS+W+NK+ONE+DF+3IN+2N1+SHORT+W.png,Nike One,3424.2,2739.36,20.0
https://www.nike.com/ph/t/tatum-3-older-basketball-shoes-K5BbmlON/HF3136-400,"https://static.nike.com/a/images/t_web_pw_592_v2/f_auto/u_126ab356-44d8-4a06-89b4-fcdcc8df0245,c_scale,fl_relative,w_1.0,h_1.0,fl_layer_apply/5a5f0d3f-5c9a-44bc-9674-88cb0dd8dfc5/JORDAN+TATUM+3+%28GS%29.png",Tatum 3,7636.2,4581.72,40.0
https://www.nike.com/ph/t/chicago-bulls-essential-city-edition-nba-max90-t-shirt-UF9HKLjY/HV5498-100,"https://static.nike.com/a/images/t_web_pw_592_v2/f_auto/u_9ddf04c7-2a9a-4d76-add1-d15af8f0263d,c_scale,fl_relative,w_1.0,h_1.0,fl_layer_apply/02b652f4-ff50-4c36-93e2-af31183e1912/CHI+M+NK+ES+CE+DIP+SS+M90+TEE.png",Chicago Bulls Essential City Edition,3112.2,2489.76,20.0
https://www.nike.com/ph/t/air-force-1-07-next-nature-shoes-nCJ6Wb/DV3808-113,"https://static.nike.com/a/images/t_web_pw_592_v2/f_auto/u_9ddf04c7-2a9a-4d76-add1-d15af8f0263d,c_scale,fl_relative,w_1.0,h_1.0,fl_layer_apply/0212fb90-bf3b-4d0f-b702-d3a99ae4a630/WMNS+AIR+FORCE+1+%2707+NN.png",Nike Air Force 1 '07 Next Nature,9664.2,5798.52,40.0
https://www.nike.com/ph/t/field-general-shoes-ryuMXZ9j/IM7796-133,"https://static.nike.com/a/images/t_web_pw_592_v2/f_auto/u_9ddf04c7-2a9a-4d76-add1-d15af8f0263d,c_scale,fl_relative,w_1.0,h_1.0,fl_layer_apply/99fbd6f9-5916-4bdc-acef-3d6538cdeb62/WMNS+NIKE+FIELD+GENERAL.png",Nike Field General,9820.2,7856.16,20.0
https://www.nike.com/ph/t/unicorn-dri-fit-adv-cushioned-crew-socks-dndqGS/FZ3399-100,"https://static.nike.com/a/images/t_web_pw_592_v2/f_auto/u_9ddf04c7-2a9a-4d76-add1-d15af8f0263d,c_scale,fl_relative,w_1.0,h_1.0,fl_layer_apply/74dbfc3d-79f5-4390-a677-a954686d244d/U+NK+UNICORN+CSH+CRW+1PR+-+160.png",Nike Unicorn,1552.2,1241.76,20.0
https://www.nike.com/ph/t/air-rift-shoes-Oqio9Qbt/HM5737-100,"https://static.nike.com/a/images/t_web_pw_592_v2/f_auto/u_9ddf04c7-2a9a-4d76-add1-d15af8f0263d,c_scale,fl_relative,w_1.0,h_1.0,fl_layer_apply/ce379435-7a33-49cb-ad86-1fc93f4c4cac/WMNS+NIKE+AIR+RIFT.png",Nike Air Rift,11536.2,6921.72,40.0
https://www.nike.com/ph/t/air-pegasus-wave-shoes-LRnb99/IB0612-101,"https://static.nike.com/a/images/t_web_pw_592_v2/f_auto/u_9ddf04c7-2a9a-4d76-add1-d15af8f0263d,c_scale,fl_relative,w_1.0,h_1.0,fl_layer_apply/61afdc39-5272-4d2f-8f3b-dfc1ca7740a5/NIKE+AIR+PEGASUS+WAVE.png",Nike Air Pegasus Wave,13876.2,6938.88,49.99
https://www.nike.com/ph/t/court-legacy-lift-shoes-1zLxsK/DM7590-602,"https://static.nike.com/a/images/t_web_pw_592_v2/f_auto/u_9ddf04c7-2a9a-4d76-add1-d15af8f0263d,c_scale,fl_relative,w_1.0,h_1.0,fl_layer_apply/335df20a-585f-42fa-96da-5d824d9d59bc/WMNS+NIKE+COURT+LEGACY+LIFT.png",Nike Court Legacy Lift,7012.2,5609.76,20.0
https://www.nike.com/ph/t/mercurial-superfly-10-elite-as-high-top-football-boot-Slvvdt/HV4888-100,https://static.nike.com/a/images/t_web_pw_592_v2/f_auto/acdcfcf6-4a6d-49a0-9eda-9e40b4990596/ZM+SUPERFLY+10+ELITE+FG+LV8.png,Nike Mercurial Superfly 10 Elite AS,25108.2,12554.88,50.0
https://www.nike.com/ph/t/air-max-90-shoes-K0mczj/DH8010-002,"https://static.nike.com/a/images/t_web_pw_592_v2/f_auto/u_9ddf04c7-2a9a-4d76-add1-d15af8f0263d,c_scale,fl_relative,w_1.0,h_1.0,fl_layer_apply/80b8277d-ede8-4885-9c37-2fe1cdf341aa/WMNS+AIR+MAX+90.png",Nike Air Max 90,10288.2,8230.56,20.0
https://www.nike.com/ph/t/swoosh-front-zip-support-padded-sports-bra-f3Xt1C/FN2732-634,https://static.nike.com/a/images/t_web_pw_592_v2/f_auto/1f03a4d5-df09-43fc-b671-12044f768a22/AS+W+NK+DF+SWOOSH+PDED+FZ+BRA.png,Nike Swoosh Front Zip,4516.2,3612.96,20.0
https://www.nike.com/ph/t/jordan-spizike-low-shoes-fQXUzRh6/IH1782-200,"https://static.nike.com/a/images/t_web_pw_592_v2/f_auto/u_126ab356-44d8-4a06-89b4-fcdcc8df0245,c_scale,fl_relative,w_1.0,h_1.0,fl_layer_apply/bae07de7-7b5e-4d5f-973c-953f1750a591/JORDAN+SPIZIKE+LOW.png",Jordan Spizike Low,14188.2,11350.56,20.0
https://www.nike.com/ph/t/jordan-flight-court-shoes-SzBKHw/HF3331-161,"https://static.nike.com/a/images/t_web_pw_592_v2/f_auto/u_126ab356-44d8-4a06-89b4-fcdcc8df0245,c_scale,fl_relative,w_1.0,h_1.0,fl_layer_apply/4cb39b34-ca84-4365-8083-42e7d289a37f/JORDAN+FLIGHT+COURT+%28TD%29.png",Jordan Flight Court,4048.2,3238.56,20.0
https://www.nike.com/ph/t/chicago-bulls-essential-city-edition-nba-t-shirt-BSvjkERj/HV5542-010,"https://static.nike.com/a/images/t_web_pw_592_v2/f_auto/u_9ddf04c7-2a9a-4d76-add1-d15af8f0263d,c_scale,fl_relative,w_1.0,h_1.0,fl_layer_apply/cc60f151-2a8b-417b-9784-4a5e8ee4393a/CHI+M+NK+ES+CE+SS+LGO+TEE.png",Chicago Bulls Essential City Edition,2176.2,1740.96,20.0
https://www.nike.com/ph/t/lebron-witness-9-young-basketball-shoes-sYUrT4Xh/HV2268-400,"https://static.nike.com/a/images/t_web_pw_592_v2/f_auto/u_9ddf04c7-2a9a-4d76-add1-d15af8f0263d,c_scale,fl_relative,w_1.0,h_1.0,fl_layer_apply/7fa699a2-4538-45c1-94d2-828ae078a1ca/LEBRON+WITNESS+IX+KC+%28PS%29.png",LeBron Witness 9,6232.2,4985.76,20.0
https://www.nike.com/ph/t/one-high-waisted-7-8-leggings-WrKyRuU1/HV2293-010,https://static.nike.com/a/images/t_web_pw_592_v2/f_auto/5563020e-159d-4244-acb1-e4a423c5b06a/AS+W+NK+ONE+DF+HR+7%2F8+TIGHT.png,Nike One,4204.2,3363.36,20.0
https://www.nike.com/ph/t/air-force-1-low-retro-shoes-8jrVGmPw/HQ1967-200,"https://static.nike.com/a/images/t_web_pw_592_v2/f_auto/u_9ddf04c7-2a9a-4d76-add1-d15af8f0263d,c_scale,fl_relative,w_1.0,h_1.0,fl_layer_apply/224fdc28-650c-4875-ab48-fde7593169bd/AIR+FORCE+1+LOW+RETRO.png",Nike Air Force 1 Low Retro,11848.2,7108.92,40.0
https://www.nike.com/ph/t/hustle-d-12-lego-collection-younger-shoes-9bH9gdgL/IM3658-400,"https://static.nike.com/a/images/t_web_pw_592_v2/f_auto/u_9ddf04c7-2a9a-4d76-add1-d15af8f0263d,c_scale,fl_relative,w_1.0,h_1.0,fl_layer_apply/9bd3ef91-2528-4cb3-8728-2e84667b1787/TEAM+HUSTLE+D+12+x+LEGO+COL+PS.png",Nike Hustle D 12 x LEGO® Collection,6388.2,5110.56,20.0
https://www.nike.com/ph/t/jordan-23-72-easyon-shoes-LbyGX7fA/HV4725-400,"https://static.nike.com/a/images/t_web_pw_592_v2/f_auto/u_126ab356-44d8-4a06-89b4-fcdcc8df0245,c_scale,fl_relative,w_1.0,h_1.0,fl_layer_apply/80114ddf-f6a2-4d5e-9d54-8c95ddb73782/JORDAN+23%2F7.2+EASYON+SE+%28TD%29.png",Jordan 23/7.2 EasyOn,4828.2,3862.56,20.0
https://www.nike.com/ph/t/shox-tl-shoes-S28Wv8/AV3595-013,"https://static.nike.com/a/images/t_web_pw_592_v2/f_auto/u_9ddf04c7-2a9a-4d76-add1-d15af8f0263d,c_scale,fl_relative,w_1.0,h_1.0,fl_layer_apply/7d6c24df-bbd1-4450-8544-13a714729681/NIKE+SHOX+TL.png",Nike Shox TL,14656.2,11724.96,20.0
https://www.nike.com/ph/t/acg-everyday-cushioned-crew-socks-Mc7Bbw/FB3341-017,"https://static.nike.com/a/images/t_web_pw_592_v2/f_auto/u_9ddf04c7-2a9a-4d76-add1-d15af8f0263d,c_scale,fl_relative,w_1.0,h_1.0,fl_layer_apply/6e9d91ca-b0a2-4869-bead-2521b49e3182/U+NK+ACG+ED+CUSH+CREW+1PR+144.png",Nike ACG Everyday,1552.2,1241.76,20.0
https://www.nike.com/ph/t/lebron-best-in-class-basketball-t-shirt-9Hdwx4np/IH8543-045,https://static.nike.com/a/images/t_web_pw_592_v2/f_auto/f4cb0750-9a28-4e90-8c98-6b9df1ba4aca/AS+LJ+M+NK+TEE+M90+BC.png,LeBron 'Best In Class',3112.2,2489.76,20.0
https://www.nike.com/ph/t/aura-cross-body-bag-KhhSpj/HM6120-389,"https://static.nike.com/a/images/t_web_pw_592_v2/f_auto/u_9ddf04c7-2a9a-4d76-add1-d15af8f0263d,c_scale,fl_relative,w_1.0,h_1.0,fl_layer_apply/322d16c5-b82a-4e35-a4fa-8d20b1c872df/NK+AURA+WAISTPACK.png",Nike Aura,2488.2,1990.56,20.0
https://www.nike.com/ph/t/jordan-spizike-low-shoes-pBZk7c/FQ1759-107,"https://static.nike.com/a/images/t_web_pw_592_v2/f_auto/u_126ab356-44d8-4a06-89b4-fcdcc8df0245,c_scale,fl_relative,w_1.0,h_1.0,fl_layer_apply/b7b7b20c-897d-43d2-84e6-c1623e467925/JORDAN+SPIZIKE+LOW.png",Jordan Spizike Low,13876.2,8325.72,40.0
https://www.nike.com/ph/t/air-max-90-shoes-kRsBnD/DM0029-800,"https://static.nike.com/a/images/t_web_pw_592_v2/f_auto/u_9ddf04c7-2a9a-4d76-add1-d15af8f0263d,c_scale,fl_relative,w_1.0,h_1.0,fl_layer_apply/f0fded68-db96-4381-aabd-3b3469511f0f/AIR+MAX+90.png",Nike Air Max 90,10288.2,8230.56,20.0
https://www.nike.com/ph/t/dri-fit-training-t-shirt-gSyI4WeR/HV4132-084,https://static.nike.com/a/images/t_web_pw_592_v2/f_auto/f2ad9915-88cd-4fdf-afda-c6287c055388/AS+M+NK+DF+TEE+NIKE+PRO+TRAINI.png,Nike,2800.2,2240.16,20.0
https://www.nike.com/ph/t/full-force-low-shoes-w2MKmW/FB1362-101,"https://static.nike.com/a/images/t_web_pw_592_v2/f_auto/u_9ddf04c7-2a9a-4d76-add1-d15af8f0263d,c_scale,fl_relative,w_1.0,h_1.0,fl_layer_apply/d1acc841-5bd4-4a06-811a-95711e9c7a73/NIKE+FULL+FORCE+LO.png",Nike Full Force Low,7792.2,4675.32,40.0
https://www.nike.com/ph/t/air-force-1-07-lv8-shoes-Z1Scmg6K/HQ1966-700,"https://static.nike.com/a/images/t_web_pw_592_v2/f_auto/u_9ddf04c7-2a9a-4d76-add1-d15af8f0263d,c_scale,fl_relative,w_1.0,h_1.0,fl_layer_apply/654141ae-1e26-429d-b644-52b25052fc8c/AIR+FORCE+1+%2707+LV8.png",Nike Air Force 1 '07 LV8,10912.2,8729.76,20.0
https://www.nike.com/ph/t/air-max-90-g-golf-shoes-wJW9TG/HV9305-300,"https://static.nike.com/a/images/t_web_pw_592_v2/f_auto/u_9ddf04c7-2a9a-4d76-add1-d15af8f0263d,c_scale,fl_relative,w_1.0,h_1.0,fl_layer_apply/fce77be0-b874-4310-b5a7-6ce42809d04a/AIR+MAX+90+G.png",Nike Air Max 90 G,13408.2,10726.56,20.0
https://www.nike.com/ph/t/air-max-plus-iii-shoes-Qw64gh/CJ9684-002,"https://static.nike.com/a/images/t_web_pw_592_v2/f_auto/u_9ddf04c7-2a9a-4d76-add1-d15af8f0263d,c_scale,fl_relative,w_1.0,h_1.0,fl_layer_apply/disuwww5uxkqulu2aivh/AIR+MAX+PLUS+III.png",Nike Air Max Plus III,16060.2,12848.16,20.0
https://www.nike.com/ph/t/sportswear-commute-sling-bag-5Z8jfXYU/FZ6132-364,"https://static.nike.com/a/images/t_web_pw_592_v2/f_auto/u_9ddf04c7-2a9a-4d76-add1-d15af8f0263d,c_scale,fl_relative,w_1.0,h_1.0,fl_layer_apply/2d84cd95-8c34-4a0c-a0b8-2009778f1c22/NK+NSW+COMMUTE+SLING+BAG.png",Nike Sportswear Commute,5140.2,4112.16,20.0
https://www.nike.com/ph/t/air-jordan-1-low-older-shoes-xLzJc6/553560-133,"https://static.nike.com/a/images/t_web_pw_592_v2/f_auto/u_126ab356-44d8-4a06-89b4-fcdcc8df0245,c_scale,fl_relative,w_1.0,h_1.0,fl_layer_apply/7a9b4fc5-a6dd-43fb-b064-dae2df3ca158/AIR+JORDAN+1+LOW+%28GS%29.png",Air Jordan 1 Low,7168.2,5734.56,20.0
https://www.nike.com/ph/t/lego-collection-older-logo-t-shirt-udAGME1O/II5198-477,"https://static.nike.com/a/images/t_web_pw_592_v2/f_auto/u_9ddf04c7-2a9a-4d76-add1-d15af8f0263d,c_scale,fl_relative,w_1.0,h_1.0,fl_layer_apply/357420e8-09a6-4b0c-aebd-abf77a2bdaa2/NIKE+X+LEGO+COL+LOGO+T-SHIRT.png",Nike x LEGO® Collection,1786.2,1428.96,20.0
https://www.nike.com/ph/t/kawa-younger-older-slides-h87bVW/FJ8812-402,"https://static.nike.com/a/images/t_web_pw_592_v2/f_auto/u_9ddf04c7-2a9a-4d76-add1-d15af8f0263d,c_scale,fl_relative,w_1.0,h_1.0,fl_layer_apply/736e8b4b-2894-4188-aaa7-6e89f802c984/KAWA+SLIDE+%28GS%2FPS%29.png",Nike Kawa,2332.2,1865.76,20.0
https://www.nike.com/ph/t/sb-malor-skate-shoes-BZKPwR/FV6064-402,"https://static.nike.com/a/images/t_web_pw_592_v2/f_auto/u_9ddf04c7-2a9a-4d76-add1-d15af8f0263d,c_scale,fl_relative,w_1.0,h_1.0,fl_layer_apply/f7143736-ad3b-4973-89c5-17328b7a4b0b/NIKE+SB+MALOR.png",Nike SB Malor,6388.2,5110.56,20.0
https://www.nike.com/ph/t/tatum-dri-fit-woven-shorts-FeBV3xGb/IH0598-010,"https://static.nike.com/a/images/t_web_pw_592_v2/f_auto/u_126ab356-44d8-4a06-89b4-fcdcc8df0245,c_scale,fl_relative,w_1.0,h_1.0,fl_layer_apply/d0ae6d1f-4ec2-474a-a9db-ee7735b6110a/M+J+DF+SPRT+WOVEN+SHORT+JT.png",Tatum,3424.2,2739.36,20.0
https://www.nike.com/ph/t/jordan-jumpman-pro-adjustable-cap-4pxLGP/FV5296-011,"https://static.nike.com/a/images/t_web_pw_592_v2/f_auto/u_126ab356-44d8-4a06-89b4-fcdcc8df0245,c_scale,fl_relative,w_1.0,h_1.0,fl_layer_apply/97496ae9-4811-4704-bdf5-a4683ac45376/U+J+PRO+CAP+S+FB+JUMPMAN.png",Jordan Jumpman Pro,2020.2,1616.16,20.0
https://www.nike.com/ph/t/gt-hustle-3-basketball-shoes-ZqrKK4/FV5953-402,"https://static.nike.com/a/images/t_web_pw_592_v2/f_auto/u_9ddf04c7-2a9a-4d76-add1-d15af8f0263d,c_scale,fl_relative,w_1.0,h_1.0,fl_layer_apply/0533bff5-d9af-4ad3-9fc0-4963d47d22cc/G.T.+HUSTLE+3.png",Nike G.T. Hustle 3,16060.2,8832.72,45.0
https://www.nike.com/ph/t/sb-malor-older-skate-shoes-MgGlkH/HF1205-700,"https://static.nike.com/a/images/t_web_pw_592_v2/f_auto/u_9ddf04c7-2a9a-4d76-add1-d15af8f0263d,c_scale,fl_relative,w_1.0,h_1.0,fl_layer_apply/901aff75-eb55-4128-a728-97c9cb31dc30/NIKE+SB+MALOR+%28GS%29.png",Nike SB Malor,4516.2,3612.96,20.0
https://www.nike.com/ph/t/lego-collection-older-t-shirt-7VYcc39X/HV5194-470,"https://static.nike.com/a/images/t_web_pw_592_v2/f_auto/u_9ddf04c7-2a9a-4d76-add1-d15af8f0263d,c_scale,fl_relative,w_1.0,h_1.0,fl_layer_apply/853eef62-1476-46e9-ae90-ad840a87efc6/NIKE+X+LEGO+COLLECTION+T-SHIRT.png",Nike x LEGO® Collection,1786.2,1428.96,20.0
https://www.nike.com/ph/t/cosmic-runner-younger-shoes-LzvmDx/HM4400-602,"https://static.nike.com/a/images/t_web_pw_592_v2/f_auto/u_9ddf04c7-2a9a-4d76-add1-d15af8f0263d,c_scale,fl_relative,w_1.0,h_1.0,fl_layer_apply/1318a33b-4e94-4810-ba24-38dcbf869610/NIKE+COSMIC+RUNNER+%28PSV%29.png",Nike Cosmic Runner,4048.2,3238.56,20.0
https://www.nike.com/ph/t/ava-rover-shoes-1CNHU80y/DX4215-003,"https://static.nike.com/a/images/t_web_pw_592_v2/f_auto/u_9ddf04c7-2a9a-4d76-add1-d15af8f0263d,c_scale,fl_relative,w_1.0,h_1.0,fl_layer_apply/02d73bf0-bd26-47db-8e10-7bf55eaeef3e/NIKE+AVA+ROVER.png",Nike Ava Rover,11848.2,9478.56,20.0
https://www.nike.com/ph/t/court-borough-low-recraft-older-shoes-B7GDhX/HM6293-480,"https://static.nike.com/a/images/t_web_pw_592_v2/f_auto/u_9ddf04c7-2a9a-4d76-add1-d15af8f0263d,c_scale,fl_relative,w_1.0,h_1.0,fl_layer_apply/cdf5a762-f5e8-4a26-9365-f1251968bd3c/COURT+BOROUGH+LOW+RECRAFT+GS.png",Nike Court Borough Low Recraft,4516.2,3612.96,20.0
https://www.nike.com/ph/t/in-season-tr-14-workout-shoes-sBJblR/HF1103-401,"https://static.nike.com/a/images/t_web_pw_592_v2/f_auto/u_9ddf04c7-2a9a-4d76-add1-d15af8f0263d,c_scale,fl_relative,w_1.0,h_1.0,fl_layer_apply/f86a07bf-a4f5-4299-9b02-216861463769/NIKE+IN-SEASON+TR+14.png",Nike In-Season TR 14,6700.2,5360.16,20.0
https://www.nike.com/ph/t/elite-2-cushioned-crew-socks-EblpdAo2/HM0285-658,"https://static.nike.com/a/images/t_web_pw_592_v2/f_auto/u_9ddf04c7-2a9a-4d76-add1-d15af8f0263d,c_scale,fl_relative,w_1.0,h_1.0,fl_layer_apply/62ad5394-0aef-48d7-a2ae-d8eda6aa3d73/U+NK+ELITE+CUSH+CREW+1PR.png",Nike Elite 2.0,1318.2,1054.56,20.0
https://www.nike.com/ph/t/pegasus-plus-road-running-shoes-vsskjR/FQ7262-009,"https://static.nike.com/a/images/t_web_pw_592_v2/f_auto/u_9ddf04c7-2a9a-4d76-add1-d15af8f0263d,c_scale,fl_relative,w_1.0,h_1.0,fl_layer_apply/8a111ef3-c741-4de0-b1a2-f27dab31e893/PEGASUS+PLUS.png",Nike Pegasus Plus,15436.2,12348.96,20.0
https://www.nike.com/ph/t/jordan-pro-structured-hat-vCXV8s/HV1169-010,"https://static.nike.com/a/images/t_web_pw_592_v2/f_auto/u_126ab356-44d8-4a06-89b4-fcdcc8df0245,c_scale,fl_relative,w_1.0,h_1.0,fl_layer_apply/636811b3-33db-41da-9495-f5de4759bfd0/U+J+PRO+CAP+S+FB+BR+SNKR+PTCH.png",Jordan Pro,2176.2,1740.96,20.0
https://www.nike.com/ph/t/air-max-portal-shoes-JDRVJw/HF3053-016,"https://static.nike.com/a/images/t_web_pw_592_v2/f_auto/u_9ddf04c7-2a9a-4d76-add1-d15af8f0263d,c_scale,fl_relative,w_1.0,h_1.0,fl_layer_apply/f6463f6b-06bd-484f-a1c4-224013e3282f/W+NIKE+AIR+MAX+PORTAL.png",Nike Air Max Portal,9664.2,5798.52,40.0
https://www.nike.com/ph/t/gato-shoes-78LFo4oO/IB8509-600,"https://static.nike.com/a/images/t_web_pw_592_v2/f_auto/u_9ddf04c7-2a9a-4d76-add1-d15af8f0263d,c_scale,fl_relative,w_1.0,h_1.0,fl_layer_apply/b5e237fb-593c-448b-ad08-4c0e8cf0820b/NIKE+GATO.png",Nike Gato,9664.2,5798.52,40.0
https://www.nike.com/ph/t/jordan-long-sleeve-crew-neck-t-shirt-Nuz8sFv0/HV4563-010,"https://static.nike.com/a/images/t_web_pw_592_v2/f_auto/u_126ab356-44d8-4a06-89b4-fcdcc8df0245,c_scale,fl_relative,w_1.0,h_1.0,fl_layer_apply/0596c365-d01b-4fd2-9edc-875412e6246d/M+J+BRAND+PHOTO+LS+CREW.png",Jordan,3112.2,2489.76,20.0
https://www.nike.com/ph/t/total-90-se-shoes-d3ezdqfl/IB4204-201,"https://static.nike.com/a/images/t_web_pw_592_v2/f_auto/u_9ddf04c7-2a9a-4d76-add1-d15af8f0263d,c_scale,fl_relative,w_1.0,h_1.0,fl_layer_apply/4a726f65-5482-40ae-9765-dcf35f54c7e7/WMNS+NIKE+T90+SE.png",Nike Total 90 SE,10912.2,8729.76,20.0
https://www.nike.com/ph/t/cortez-textile-shoes-1Tm7zf/DZ2795-001,"https://static.nike.com/a/images/t_web_pw_592_v2/f_auto/u_9ddf04c7-2a9a-4d76-add1-d15af8f0263d,c_scale,fl_relative,w_1.0,h_1.0,fl_layer_apply/9ab8e739-b9e7-4ce9-b071-cb7db0535b99/NIKE+CORTEZ.png",Nike Cortez Textile,7792.2,6233.76,20.0
https://www.nike.com/ph/t/everyday-cushioned-crew-socks-OBm3VeZZ/HV6896-900,"https://static.nike.com/a/images/t_web_pw_592_v2/f_auto/u_9ddf04c7-2a9a-4d76-add1-d15af8f0263d,c_scale,fl_relative,w_1.0,h_1.0,fl_layer_apply/1f187c6b-65e0-4e3c-b866-32daf9d67184/U+NK+ED+CSH+CRW+2P+-144+SP+DYE.png",Nike Everyday,1552.2,1241.76,20.0
https://www.nike.com/ph/t/club-unstructured-swoosh-cap-c7lT9H/FB5369-072,"https://static.nike.com/a/images/t_web_pw_592_v2/f_auto/u_9ddf04c7-2a9a-4d76-add1-d15af8f0263d,c_scale,fl_relative,w_1.0,h_1.0,fl_layer_apply/f24dae71-2ceb-4dbf-bb56-d00b3cfcd8bb/U+NK+CLUB+CAP+U+CB+SWSH+L.png",Nike Club,1630.2,1304.16,20.0
https://www.nike.com/ph/t/sportswear-essentials-oversized-t-shirt-TQWNGw/HF9607-010,https://static.nike.com/a/images/t_web_pw_592_v2/f_auto/c895403c-8a5a-475c-a15c-6d139f6df061/AS+M+NSW+TEE+OS+PREM+ESSNTL+FA.png,Nike Sportswear Premium Essentials,3424.2,2739.36,20.0
https://www.nike.com/ph/t/aone-aja-wilson-older-basketball-shoes-DBHRXb/HF7001-004,"https://static.nike.com/a/images/t_web_pw_592_v2/f_auto/u_9ddf04c7-2a9a-4d76-add1-d15af8f0263d,c_scale,fl_relative,w_1.0,h_1.0,fl_layer_apply/b683a89b-1aa8-4b05-b1fa-2f14b75f6576/A%27ONE+%28GS%29.png",A'One,8104.2,6483.36,20.0
https://www.nike.com/ph/t/one-seamless-front-high-waisted-full-length-leggings-XWj84v/HJ9196-010,https://static.nike.com/a/images/t_web_pw_592_v2/f_auto/e5884084-c49f-47ff-88ca-b39dfbb6515b/AS+W+NK+DF+ONE+HR+TIGHT+USEAM.png,Nike One Seamless Front,3424.2,2739.36,20.0
https://www.nike.com/ph/t/jordan-day1-eo-older-shoes-cPx7rj/FQ1306-004,"https://static.nike.com/a/images/t_web_pw_592_v2/f_auto/u_126ab356-44d8-4a06-89b4-fcdcc8df0245,c_scale,fl_relative,w_1.0,h_1.0,fl_layer_apply/5e95bad5-6945-4379-9996-701a920327ac/JORDAN+DAY1+E.O.+%28GS%29.png",Jordan DAY1 EO,5608.2,3364.92,40.0
https://www.nike.com/ph/t/tatum-4-big-shoes-CUxQPkWi/HQ4611-001,"https://static.nike.com/a/images/t_web_pw_592_v2/f_auto/u_126ab356-44d8-4a06-89b4-fcdcc8df0245,c_scale,fl_relative,w_1.0,h_1.0,fl_layer_apply/2cebb46e-4012-46cc-8c91-c2a63e4effa6/JORDAN+TATUM+4+%28GS%29.png",Tatum 4,7636.2,6108.96,20.0
https://www.nike.com/ph/t/sportswear-essentials-t-shirt-K9vnhV/DO7393-101,https://static.nike.com/a/images/t_web_pw_592_v2/f_auto/19ce41d7-b161-43d1-99d2-f137a8e54696/AS+M+NSW+PREM+ESSNTL+SUST+TEE.png,Nike Sportswear Premium Essentials,3112.2,2489.76,20.0
https://www.nike.com/ph/t/giannis-freak-7-ep-basketball-shoes-yME4Kozs/HF3451-005,"https://static.nike.com/a/images/t_web_pw_592_v2/f_auto/u_9ddf04c7-2a9a-4d76-add1-d15af8f0263d,c_scale,fl_relative,w_1.0,h_1.0,fl_layer_apply/d52ea973-67c8-4270-8198-7e94df5e525f/GIANNIS+FREAK+7+EP.png",Giannis Freak 7 EP,9820.2,7856.16,20.0
https://www.nike.com/ph/t/dri-fit-pro-structured-futura-cap-mQ00S5/FB5380-010,"https://static.nike.com/a/images/t_web_pw_592_v2/f_auto/u_9ddf04c7-2a9a-4d76-add1-d15af8f0263d,c_scale,fl_relative,w_1.0,h_1.0,fl_layer_apply/6c9a61ae-68f7-43b2-8be0-652c2cc61dc4/U+NK+DF+PRO+CAP+S+FB+FUT+L.png",Nike Dri-FIT Pro,2020.2,1616.16,20.0
https://www.nike.com/ph/t/air-force-1-07-realtree-shoes-5RoNXlPa/IH1221-001,"https://static.nike.com/a/images/t_web_pw_592_v2/f_auto/u_9ddf04c7-2a9a-4d76-add1-d15af8f0263d,c_scale,fl_relative,w_1.0,h_1.0,fl_layer_apply/692cdb67-6709-4e93-953d-e6157edc3b13/AIR+FORCE+1+%2707.png",Air Force 1 '07 RealTree,10912.2,8729.76,20.0
https://www.nike.com/ph/t/infinity-g-nn-golf-shoes-VrmKHn/FN0565-100,"https://static.nike.com/a/images/t_web_pw_592_v2/f_auto/u_9ddf04c7-2a9a-4d76-add1-d15af8f0263d,c_scale,fl_relative,w_1.0,h_1.0,fl_layer_apply/d83a413d-c525-4787-a321-cfbc39fb83f0/NIKE+INFINITY+G+NN+%28W%29.png",Nike Infinity G NN,6388.2,5110.56,20.0
https://www.nike.com/ph/t/sportswear-older-t-shirt-kzoatNcU/IF2536-301,https://static.nike.com/a/images/t_web_pw_592_v2/f_auto/74c25dd4-f5e5-4654-8d2a-4092530170cb/G+NSW+TEE+BUTTRFLY+OS.png,Nike Sportswear,1552.2,1241.76,20.0
https://www.nike.com/ph/t/jordan-sophia-slides-WR0i8gP5/HQ8070-400,"https://static.nike.com/a/images/t_web_pw_592_v2/f_auto/u_126ab356-44d8-4a06-89b4-fcdcc8df0245,c_scale,fl_relative,w_1.0,h_1.0,fl_layer_apply/aae7d081-92b0-407f-8017-8d08a2d259a2/WMNS+JORDAN+SOPHIA+SLIDE+SS.png",Jordan Sophia,7480.2,4488.12,40.0
https://www.nike.com/ph/t/one-dri-fit-loose-7-5cm-brief-lined-shorts-ERP37XRJ/HV3504-010,https://static.nike.com/a/images/t_web_pw_592_v2/f_auto/0760f24b-eb6d-4a5c-be2c-66c9712376e1/AS+W+NK+ONE+DF+HR+3IN+BR+SHORT.png,Nike One,3112.2,2489.76,20.0
https://www.nike.com/ph/t/reactx-rejuven8-slides-Mr875v/HV4484-400,"https://static.nike.com/a/images/t_web_pw_592_v2/f_auto/u_9ddf04c7-2a9a-4d76-add1-d15af8f0263d,c_scale,fl_relative,w_1.0,h_1.0,fl_layer_apply/e09be373-b314-456c-ae3b-a39570bb7267/W+NIKE+REACTX+REJUVEN8+SLIDE.png",Nike ReactX Rejuven8,5140.2,4112.16,20.0
https://www.nike.com/ph/t/nocta-fleece-cs-crew-m7t962/FN8161-370,https://static.nike.com/a/images/t_web_pw_592_v2/f_auto/9572d478-7781-4110-9ca5-f86029427747/AS+M+NRG+NOCTA+CS+CREW+FLC.png,NOCTA,5140.2,4112.16,20.0
https://www.nike.com/ph/t/acg-t-shirt-7L4DSEX2/HV2169-010,https://static.nike.com/a/images/t_web_pw_592_v2/f_auto/78afab96-473e-4434-a533-2a41ee38fad4/AS+M+ACG+TEE+ALIEN.png,Nike ACG,3424.2,2739.36,20.0
https://www.nike.com/ph/t/sb-zoom-janoski-og-canvas-skate-shoes-SReZrZjQ/HQ1655-400,"https://static.nike.com/a/images/t_web_pw_592_v2/f_auto/u_9ddf04c7-2a9a-4d76-add1-d15af8f0263d,c_scale,fl_relative,w_1.0,h_1.0,fl_layer_apply/ebe7b8bd-eb6b-47f9-ade2-1faa462dcbc2/NIKE+SB+ZOOM+JANOSKI+OG%2B+CNVS.png",Nike SB Zoom Janoski OG+ Canvas,7480.2,5984.16,20.0
https://www.nike.com/ph/t/air-max-dn-shoes-FtLNfm/DV3337-101,"https://static.nike.com/a/images/t_web_pw_592_v2/f_auto/u_9ddf04c7-2a9a-4d76-add1-d15af8f0263d,c_scale,fl_relative,w_1.0,h_1.0,fl_layer_apply/a710787c-70eb-489b-a37a-8c5d3d0f3fc2/AIR+MAX+DN.png",Nike Air Max Dn,13096.2,10476.96,20.0
https://www.nike.com/ph/t/dunk-low-lego-collection-younger-shoes-ED9XUPDH/IM1447-100,"https://static.nike.com/a/images/t_web_pw_592_v2/f_auto/u_9ddf04c7-2a9a-4d76-add1-d15af8f0263d,c_scale,fl_relative,w_1.0,h_1.0,fl_layer_apply/749c362a-1acc-499e-ab5a-43ce6de91672/NIKE+DUNK+LOW+x+LEGO+COL+PS.png",Nike Dunk Low x LEGO® Collection,8260.2,6608.16,20.0
https://www.nike.com/ph/t/flex-runner-4-older-running-shoes-cB4osDWb/IM6737-001,"https://static.nike.com/a/images/t_web_pw_592_v2/f_auto/u_9ddf04c7-2a9a-4d76-add1-d15af8f0263d,c_scale,fl_relative,w_1.0,h_1.0,fl_layer_apply/03ac9fd4-e8e5-43a4-b025-a3a60adb82fb/FLEX+RUNNER+4+SE+%28GS%29.png",Nike Flex Runner 4,4360.2,3488.16,20.0
https://www.nike.com/ph/t/air-max-moto-2k-shoes-qC72G4Zu/IO9279-200,"https://static.nike.com/a/images/t_web_pw_592_v2/f_auto/u_9ddf04c7-2a9a-4d76-add1-d15af8f0263d,c_scale,fl_relative,w_1.0,h_1.0,fl_layer_apply/81fe1d9a-cdb4-42ce-b2b2-7af6dccc8469/NIKE+AIR+MAX+MOTO+2K.png",Nike Air Max Moto 2K,11380.2,9104.16,20.0
https://www.nike.com/ph/t/air-jordan-14-g-golf-shoes-Mvb4g50F/HJ7710-001,"https://static.nike.com/a/images/t_web_pw_592_v2/f_auto/u_126ab356-44d8-4a06-89b4-fcdcc8df0245,c_scale,fl_relative,w_1.0,h_1.0,fl_layer_apply/87ca6163-cea1-4f9e-b769-b244501978a6/AIR+JORDAN+14+G.png",Air Jordan 14 G,19180.2,15344.16,20.0
https://www.nike.com/ph/t/jordan-1-mid-shoes-Jc7TTZ/DQ8425-600,"https://static.nike.com/a/images/t_web_pw_592_v2/f_auto/u_126ab356-44d8-4a06-89b4-fcdcc8df0245,c_scale,fl_relative,w_1.0,h_1.0,fl_layer_apply/9f43ec08-fac6-4cce-86ed-427550d53006/JORDAN+1+MID+%28TD%29.png",Jordan 1 Mid,4360.2,3488.16,20.0
https://www.nike.com/ph/t/jordan-sport-dri-fit-short-sleeve-top-CXCRD4/FN5829-050,"https://static.nike.com/a/images/t_web_pw_592_v2/f_auto/u_126ab356-44d8-4a06-89b4-fcdcc8df0245,c_scale,fl_relative,w_1.0,h_1.0,fl_layer_apply/dc45759b-42a2-4abb-bbcc-3ac63cd40fca/M+J+DF+SPRT+SS+TOP.png",Jordan Sport,2644.2,2115.36,20.0
https://www.nike.com/ph/t/air-max-nova-younger-shoes-0S7DfR/FN4459-004,"https://static.nike.com/a/images/t_web_pw_592_v2/f_auto/u_9ddf04c7-2a9a-4d76-add1-d15af8f0263d,c_scale,fl_relative,w_1.0,h_1.0,fl_layer_apply/8e94657f-7c90-4c2b-9362-bba1874c5699/NIKE+AIR+MAX+NOVA+%28PS%29.png",Nike Air Max Nova,5218.2,3130.92,40.0
https://www.nike.com/ph/t/air-jordan-1-low-se-shoes-6ZW423me/HQ2004-400,"https://static.nike.com/a/images/t_web_pw_592_v2/f_auto/u_126ab356-44d8-4a06-89b4-fcdcc8df0245,c_scale,fl_relative,w_1.0,h_1.0,fl_layer_apply/a0f62bef-d6c5-4325-b916-ace51b228129/WMNS+AIR+JORDAN+1+LOW+SE.png",Air Jordan 1 Low SE,11380.2,6828.12,40.0
https://www.nike.com/ph/t/jordan-brooklyn-rise-cap-adjustable-realtree-hat-B9KfJJPM/HV1076-104,"https://static.nike.com/a/images/t_web_pw_592_v2/f_auto/u_126ab356-44d8-4a06-89b4-fcdcc8df0245,c_scale,fl_relative,w_1.0,h_1.0,fl_layer_apply/7e4c3c59-ec24-424b-8a68-8fe0483629c8/U+J+RISE+CAP+S+CB+RLT.png",Jordan Brooklyn Rise Cap,2176.2,1740.96,20.0
https://www.nike.com/ph/t/pegasus-trail-5-gore-tex-sp-waterproof-trail-running-shoes-wDNZrx/HQ7494-200,"https://static.nike.com/a/images/t_web_pw_592_v2/f_auto/u_9ddf04c7-2a9a-4d76-add1-d15af8f0263d,c_scale,fl_relative,w_1.0,h_1.0,fl_layer_apply/c7f038ed-c708-47e7-a0a0-b9ddf06a3ecc/REACTX+PEGASUS+TRAIL+5+GTX+SP.png",Nike Pegasus Trail 5 GORE-TEX SP,14656.2,7328.88,49.99
https://www.nike.com/ph/t/247-impossiblysoft-dri-fit-oversized-1-2-zip-top-zBJl1T/HQ8189-133,https://static.nike.com/a/images/t_web_pw_592_v2/f_auto/1c646497-5116-4f7b-963d-4aad40741a50/AS+W+NK+24.7+DF+HZ+TOP+SOFT.png,Nike 24.7 ImpossiblySoft,7012.2,5609.76,20.0
https://www.nike.com/ph/t/air-rift-shoes-tT7rF6N3/IM5739-001,"https://static.nike.com/a/images/t_web_pw_592_v2/f_auto/u_9ddf04c7-2a9a-4d76-add1-d15af8f0263d,c_scale,fl_relative,w_1.0,h_1.0,fl_layer_apply/a47bd4e8-0943-460f-ad49-439fca4763a3/WMNS+NIKE+AIR+RIFT.png",Nike Air Rift,11848.2,9478.56,20.0
https://www.nike.com/ph/t/aone-aja-wilson-older-basketball-shoes-3rQY3ZvO/HV2267-300,"https://static.nike.com/a/images/t_web_pw_592_v2/f_auto/u_9ddf04c7-2a9a-4d76-add1-d15af8f0263d,c_scale,fl_relative,w_1.0,h_1.0,fl_layer_apply/92cc54ce-44b1-4bdf-8a3f-9abf04dbad67/A%27ONE+KC+%28GS%29.png",A'One,8572.2,6857.76,20.0
https://www.nike.com/ph/t/terra-manta-shoes-3LlBvq/HQ1940-100,"https://static.nike.com/a/images/t_web_pw_592_v2/f_auto/u_9ddf04c7-2a9a-4d76-add1-d15af8f0263d,c_scale,fl_relative,w_1.0,h_1.0,fl_layer_apply/fe5b7829-9fd6-4327-94ab-434957671be1/W+NIKE+TERRA+MANTA.png",Nike Terra Manta,7480.2,5984.16,20.0
https://www.nike.com/ph/t/jordan-rare-air-fleece-pullover-hoodie-FknJqb/IB3003-010,"https://static.nike.com/a/images/t_web_pw_592_v2/f_auto/u_126ab356-44d8-4a06-89b4-fcdcc8df0245,c_scale,fl_relative,w_1.0,h_1.0,fl_layer_apply/1a2b27eb-b27e-41b3-8998-ec33b240622e/M+J+AIR+JDN+RAIR+FLC+PO+HD.png",Jordan Rare Air,9352.2,5611.32,40.0
https://www.nike.com/ph/t/killshot-2-leather-shoes-rw6WJW/HM9431-001,"https://static.nike.com/a/images/t_web_pw_592_v2/f_auto/u_9ddf04c7-2a9a-4d76-add1-d15af8f0263d,c_scale,fl_relative,w_1.0,h_1.0,fl_layer_apply/417fb2ad-9a23-457c-9ef7-553bd4dd4e57/KILLSHOT+2+LTR.png",Nike Killshot 2 Leather,8572.2,5143.32,40.0
https://www.nike.com/ph/t/streakfly-2-road-racing-shoes-gL3BZf/HF6416-401,"https://static.nike.com/a/images/t_web_pw_592_v2/f_auto/u_9ddf04c7-2a9a-4d76-add1-d15af8f0263d,c_scale,fl_relative,w_1.0,h_1.0,fl_layer_apply/7d007cdb-aff7-4e02-8e44-3db197d7db9b/ZOOMX+STREAKFLY+2.png",Nike Streakfly 2,16060.2,12848.16,20.0
https://www.nike.com/ph/t/247-perfectstretch-dri-fit-high-waisted-loose-wide-leg-trousers-G7flnd/HQ0236-010,https://static.nike.com/a/images/t_web_pw_592_v2/f_auto/99bf867e-bf2d-402f-a08e-d6d43b8ab6e8/AS+W+NK+24.7+DF+HR+WD+LEG+PANT.png,Nike 24.7 PerfectStretch,8416.2,6732.96,20.0
https://www.nike.com/ph/t/stellar-ride-younger-shoes-TWTIL4Lg/HQ3267-402,"https://static.nike.com/a/images/t_web_pw_592_v2/f_auto/u_9ddf04c7-2a9a-4d76-add1-d15af8f0263d,c_scale,fl_relative,w_1.0,h_1.0,fl_layer_apply/57fb5fb7-c831-4a21-b758-5f74e6e3c795/NIKE+STELLAR+RIDE+%28PSV%29.png",Nike Stellar Ride,4828.2,3862.56,20.0
https://www.nike.com/ph/t/lebron-witness-9-older-basketball-shoes-gCaka1lI/HV2270-700,"https://static.nike.com/a/images/t_web_pw_592_v2/f_auto/u_9ddf04c7-2a9a-4d76-add1-d15af8f0263d,c_scale,fl_relative,w_1.0,h_1.0,fl_layer_apply/b76e5b76-20fe-4bf6-985f-136b56530a1a/LEBRON+WITNESS+IX+%28GS%29.png",LeBron Witness 9,7012.2,5609.76,20.0
https://www.nike.com/ph/t/sb-chron-2-skate-shoe-vNX1Xx/DM3493-608,"https://static.nike.com/a/images/t_web_pw_592_v2/f_auto/u_9ddf04c7-2a9a-4d76-add1-d15af8f0263d,c_scale,fl_relative,w_1.0,h_1.0,fl_layer_apply/ca718842-d854-4743-ac96-a5d59da8a66a/NIKE+SB+CHRON+2.png",Nike SB Chron 2,5296.2,4236.96,20.0
https://www.nike.com/ph/t/dri-fit-golf-shorts-QNrCtG/CU9741-104,https://static.nike.com/a/images/t_web_pw_592_v2/f_auto/611da56b-a619-42e5-b034-a0fa87e0a148/AS+M+NK+DF+VICTRY+10.5IN+SHORT.png,Nike Dri-FIT,3424.2,2739.36,20.0
https://www.nike.com/ph/t/club-cap-dGMuTP5o/HQ0363-410,"https://static.nike.com/a/images/t_web_pw_592_v2/f_auto/u_9ddf04c7-2a9a-4d76-add1-d15af8f0263d,c_scale,fl_relative,w_1.0,h_1.0,fl_layer_apply/20c36eb4-92b7-46c0-9c8f-360d409c4caf/U+NK+CLUB+CAP+U+CB+PREM+F25+L.png",Nike Club,2176.2,1740.96,20.0
https://www.nike.com/ph/t/sportswear-pleated-jacket-O516zaf5/IM7458-133,https://static.nike.com/a/images/t_web_pw_592_v2/f_auto/8db71b00-205d-4883-8142-50b70d47c51c/AS+W+NSW+PLEATED+JKT.png,Nike Sportswear,8416.2,6732.96,20.0
https://www.nike.com/ph/t/jordan-deja-sandals-3mH5Np/FN5036-005,"https://static.nike.com/a/images/t_web_pw_592_v2/f_auto/u_126ab356-44d8-4a06-89b4-fcdcc8df0245,c_scale,fl_relative,w_1.0,h_1.0,fl_layer_apply/0ca14ba1-1a43-45f8-8a0c-2a2bd6e7ab44/WMNS+JORDAN+DEJA+SANDAL.png",Jordan Deja,7792.2,6233.76,20.0
https://www.nike.com/ph/t/stellar-ride-older-running-shoes-Fe7hB54y/HQ3266-603,"https://static.nike.com/a/images/t_web_pw_592_v2/f_auto/u_9ddf04c7-2a9a-4d76-add1-d15af8f0263d,c_scale,fl_relative,w_1.0,h_1.0,fl_layer_apply/de51504e-f7fd-44e5-8bae-f8d8bfcbb239/NIKE+STELLAR+RIDE+%28GS%29.png",Nike Stellar Ride,5296.2,4236.96,20.0
https://www.nike.com/ph/t/jordan-brand-sneaker-patch-t-shirt-4Nmt9z/HJ2326-010,"https://static.nike.com/a/images/t_web_pw_592_v2/f_auto/u_126ab356-44d8-4a06-89b4-fcdcc8df0245,c_scale,fl_relative,w_1.0,h_1.0,fl_layer_apply/7c7b9887-eacd-40ca-9596-1f26a48b9f2e/M+J+BRND+BR+SNKR+PCH+SS+CRW.png",Jordan Brand,3268.2,2614.56,20.0
https://www.nike.com/ph/t/shox-tl-shoes-kxZqhf9u/IB1087-600,"https://static.nike.com/a/images/t_web_pw_592_v2/f_auto/u_9ddf04c7-2a9a-4d76-add1-d15af8f0263d,c_scale,fl_relative,w_1.0,h_1.0,fl_layer_apply/795cd48d-862e-4f99-a27b-e9ccb36ea069/W+NIKE+SHOX+TL.png",Nike Shox TL,15124.2,12099.36,20.0
https://www.nike.com/ph/t/sportswear-club-t-shirt-yRmKiYWC/HV0126-100,https://static.nike.com/a/images/t_web_pw_592_v2/f_auto/81e103eb-c949-4394-ae56-bc22aa44d23f/AS+M+NSW+TEE+HO25+SSNL+CLUB.png,Nike Sportswear Club,2176.2,1740.96,20.0
https://www.nike.com/ph/t/free-metcon-6-amp-workout-shoes-Dklt0w/IB6902-400,"https://static.nike.com/a/images/t_web_pw_592_v2/f_auto/u_9ddf04c7-2a9a-4d76-add1-d15af8f0263d,c_scale,fl_relative,w_1.0,h_1.0,fl_layer_apply/8d2411d7-bdf9-4683-9a27-9cd272012c28/W+NIKE+FREE+METCON+6+AMP.png",Nike Free Metcon 6 AMP,11848.2,7108.92,40.0
https://www.nike.com/ph/t/air-max-90-easyon-younger-shoes-hKOg3N8q/IH1417-034,"https://static.nike.com/a/images/t_web_pw_592_v2/f_auto/u_9ddf04c7-2a9a-4d76-add1-d15af8f0263d,c_scale,fl_relative,w_1.0,h_1.0,fl_layer_apply/77e85659-d629-45df-a6af-83e1618150fb/AIR+MAX+90+EASYON+LTR+%28PS%29.png",Nike Air Max 90 EasyOn,6466.2,5172.96,20.0
https://www.nike.com/ph/t/court-vision-mid-next-nature-shoes-VKCWFj/DN3577-101,"https://static.nike.com/a/images/t_web_pw_592_v2/f_auto/u_9ddf04c7-2a9a-4d76-add1-d15af8f0263d,c_scale,fl_relative,w_1.0,h_1.0,fl_layer_apply/a4b9a6fb-fbc5-485b-ae0b-f1263d3df85a/NIKE+COURT+VISION+MID+NN.png",Nike Court Vision Mid Next Nature,6076.2,4860.96,20.0
https://www.nike.com/ph/t/air-rift-shoes-YTLC6xux/IM6017-010,"https://static.nike.com/a/images/t_web_pw_592_v2/f_auto/u_9ddf04c7-2a9a-4d76-add1-d15af8f0263d,c_scale,fl_relative,w_1.0,h_1.0,fl_layer_apply/c9c387c3-bd4e-422b-9930-8a22260182e9/NIKE+AIR+RIFT.png",Nike Air Rift,11848.2,9478.56,20.0
https://www.nike.com/ph/t/team-hustle-d-12-older-basketball-shoes-kDbJ6R/HF6279-003,"https://static.nike.com/a/images/t_web_pw_592_v2/f_auto/u_9ddf04c7-2a9a-4d76-add1-d15af8f0263d,c_scale,fl_relative,w_1.0,h_1.0,fl_layer_apply/778a27fa-752c-43a2-957e-f96aaa77bb23/TEAM+HUSTLE+D+12+%28GS%29.png",Nike Team Hustle D 12,5296.2,4236.96,20.0
https://www.nike.com/ph/t/pegasus-trail-5-trail-running-shoes-1NsktP/DV3865-800,"https://static.nike.com/a/images/t_web_pw_592_v2/f_auto/u_9ddf04c7-2a9a-4d76-add1-d15af8f0263d,c_scale,fl_relative,w_1.0,h_1.0,fl_layer_apply/50764cdb-a888-40f1-b629-a7a3a3bc37b2/W+NIKE+REACTX+PEGASUS+TRAIL+5.png",Nike Pegasus Trail 5,12316.2,9852.96,20.0
https://www.nike.com/ph/t/air-jordan-4-rm-shoes-NNlJjc/FQ7939-022,"https://static.nike.com/a/images/t_web_pw_592_v2/f_auto/u_126ab356-44d8-4a06-89b4-fcdcc8df0245,c_scale,fl_relative,w_1.0,h_1.0,fl_layer_apply/9bf00ae7-70a1-479a-9981-1952fe49b63a/AIR+JORDAN+4+RM.png",Air Jordan 4 RM,12316.2,9852.96,20.0
https://www.nike.com/ph/t/jordan-flight-court-older-shoes-HgNzJr/HF3333-161,"https://static.nike.com/a/images/t_web_pw_592_v2/f_auto/u_126ab356-44d8-4a06-89b4-fcdcc8df0245,c_scale,fl_relative,w_1.0,h_1.0,fl_layer_apply/5207ad7f-4419-4450-a04d-2069c43d0192/JORDAN+FLIGHT+COURT+%28GS%29.png",Jordan Flight Court,6154.2,4923.36,20.0
https://www.nike.com/ph/t/sb-club-unstructured-skate-cap-rdt3Zc/HF7278-072,"https://static.nike.com/a/images/t_web_pw_592_v2/f_auto/u_9ddf04c7-2a9a-4d76-add1-d15af8f0263d,c_scale,fl_relative,w_1.0,h_1.0,fl_layer_apply/eee3ad9f-6f28-40fe-9885-b498c4889ddd/U+NK+CLUB+CAP+U+FB+SB+S24+L.png",Nike SB Club,1630.2,1304.16,20.0
https://www.nike.com/ph/t/golf-polo-dress-ZenOMMVj/IF8523-126,https://static.nike.com/a/images/t_web_pw_592_v2/f_auto/7cd83f2d-c5a6-4180-86f5-6abcb06c07be/AS+W+NK+GOLF+POLO+DRESS.png,Nike,6700.2,5360.16,20.0
https://www.nike.com/ph/t/lebron-xxiii-miami-twice-older-basketball-shoes-i3yUyrKU/IM9005-001,"https://static.nike.com/a/images/t_web_pw_592_v2/f_auto/u_9ddf04c7-2a9a-4d76-add1-d15af8f0263d,c_scale,fl_relative,w_1.0,h_1.0,fl_layer_apply/14a6e9b3-9737-4793-8629-ec5cf7533bb8/LEBRON+XXIII+ALT+%28GS%29.png",LeBron XXIII 'Miami Twice',12628.2,10102.56,20.0
https://www.nike.com/ph/t/dri-fit-victory-golf-trousers-bDKrwW/DN2398-010,https://static.nike.com/a/images/t_web_pw_592_v2/f_auto/a9b0d7f4-defa-4996-a367-8c7a1092cdb3/AS++M+NK+DF+VICTORY+PANT.png,Nike Dri-FIT Victory,5140.2,4112.16,20.0
https://www.nike.com/ph/t/club-fleece-oversized-french-terry-crew-Gn9MNf/HJ1820-010,https://static.nike.com/a/images/t_web_pw_592_v2/f_auto/de19fe5a-1bfc-4967-bdfd-a08a9caebc02/AS+M+NK+CLUB+FT+OVERSIZED+CREW.png,Nike Club Fleece,4828.2,3862.56,20.0
https://www.nike.com/ph/t/jordan-brooklyn-realtree-t-shirt-DuVzVenG/HQ9020-133,"https://static.nike.com/a/images/t_web_pw_592_v2/f_auto/u_126ab356-44d8-4a06-89b4-fcdcc8df0245,c_scale,fl_relative,w_1.0,h_1.0,fl_layer_apply/c0ccff1a-f766-4817-be87-d28af7e17a82/M+J+BRK+RLT+AOP+SS+CREW.png",Jordan Brooklyn,3112.2,2489.76,20.0
https://www.nike.com/ph/t/lego-collection-older-dri-fit-crossover-shorts-SkkBjTQZ/HV6736-477,"https://static.nike.com/a/images/t_web_pw_592_v2/f_auto/u_9ddf04c7-2a9a-4d76-add1-d15af8f0263d,c_scale,fl_relative,w_1.0,h_1.0,fl_layer_apply/1f37bee0-379d-4cb6-9f04-0070a74bbca8/NIKE+X+LEGO+COLLECTION+SHORT.png",Nike x LEGO® Collection,2956.2,2364.96,20.0
https://www.nike.com/ph/t/brasilia-backpack-2sgrxX/DV9436-010,"https://static.nike.com/a/images/t_web_pw_592_v2/f_auto/u_9ddf04c7-2a9a-4d76-add1-d15af8f0263d,c_scale,fl_relative,w_1.0,h_1.0,fl_layer_apply/b54811dd-3e36-45e6-9dcb-d776776c26b5/Y+NK+BRSLA+BKPK+-+SP23.png",Nike Brasilia,2488.2,1995.24,19.81
https://www.nike.com/ph/t/v2k-run-artist-collection-shoes-1J1O2aSL/IB7426-400,"https://static.nike.com/a/images/t_web_pw_592_v2/f_auto/u_9ddf04c7-2a9a-4d76-add1-d15af8f0263d,c_scale,fl_relative,w_1.0,h_1.0,fl_layer_apply/3ae12b23-b083-45ee-97e5-1a0da52e48ca/W+NIKE+V2K+RUN.png",Nike V2K Run Women's Artist Collection,15124.2,9074.52,40.0
https://www.nike.com/ph/t/dri-fit-club-structured-metal-logo-cap-5MrZzL/FB5371-113,"https://static.nike.com/a/images/t_web_pw_592_v2/f_auto/u_9ddf04c7-2a9a-4d76-add1-d15af8f0263d,c_scale,fl_relative,w_1.0,h_1.0,fl_layer_apply/8222da33-9de3-4309-a166-d9e68b74926a/U+NK+DF+CLUB+CAP+S+CB+MTFUT+L.png",Nike Dri-FIT Club,1630.2,1304.16,20.0
https://www.nike.com/ph/t/sonic-fly-younger-running-shoes-n9JW5x/FZ0016-001,"https://static.nike.com/a/images/t_web_pw_592_v2/f_auto/u_9ddf04c7-2a9a-4d76-add1-d15af8f0263d,c_scale,fl_relative,w_1.0,h_1.0,fl_layer_apply/a304e214-d811-4263-9014-efae0bb72971/SONIC+FLY+%28PS%29.png",Nike Sonic Fly,5296.2,4236.96,20.0
https://www.nike.com/ph/t/mercurial-vapor-16-elite-low-top-football-boot-KBLZh1/FQ1457-600,"https://static.nike.com/a/images/t_web_pw_592_v2/f_auto/u_9ddf04c7-2a9a-4d76-add1-d15af8f0263d,c_scale,fl_relative,w_1.0,h_1.0,fl_layer_apply/6c75e6d3-6247-46d6-b3cf-cee3b5837d32/ZM+VAPOR+16+ELITE+FG.png",Nike Mercurial Vapor 16 Elite,20896.2,16716.96,20.0
https://www.nike.com/ph/t/aura-cross-body-bag-BleufK2t/HV6626-017,"https://static.nike.com/a/images/t_web_pw_592_v2/f_auto/u_9ddf04c7-2a9a-4d76-add1-d15af8f0263d,c_scale,fl_relative,w_1.0,h_1.0,fl_layer_apply/d66e2653-211b-4c95-beb1-a0f066010ba9/NK+AURA+WAISTPACK-CORD.png",Nike Aura,2956.2,2364.96,20.0
https://www.nike.com/ph/t/zoom-ja-fly-4-athletics-sprinting-spikes-3R2brH/DR2741-800,"https://static.nike.com/a/images/t_web_pw_592_v2/f_auto/u_9ddf04c7-2a9a-4d76-add1-d15af8f0263d,c_scale,fl_relative,w_1.0,h_1.0,fl_layer_apply/552ce283-d86d-4b5d-a8df-9fe5f07d92a8/NIKE+ZOOM+JA+FLY+4.png",Nike Zoom Ja Fly 4,9664.2,7731.36,20.0
https://www.nike.com/ph/t/shox-tl-shoes-5tE7PTle/IH1338-002,"https://static.nike.com/a/images/t_web_pw_592_v2/f_auto/u_9ddf04c7-2a9a-4d76-add1-d15af8f0263d,c_scale,fl_relative,w_1.0,h_1.0,fl_layer_apply/2c2650be-e40f-40b5-afae-b37dfa1d1dfe/NIKE+SHOX+TL.png",Nike Shox TL,15124.2,12099.36,20.0
https://www.nike.com/ph/t/jordan-air-t-shirt-ZJdRQq/DM3182-050,"https://static.nike.com/a/images/t_web_pw_592_v2/f_auto/u_126ab356-44d8-4a06-89b4-fcdcc8df0245,c_scale,fl_relative,w_1.0,h_1.0,fl_layer_apply/442f362b-964c-4012-ac55-0cbeb01c763c/M+J+EMB+JORDAN+AIR+CREW.png",Jordan Air,2176.2,1740.96,20.0
https://www.nike.com/ph/t/one-classic-short-sleeve-top-9t9Cemea/HQ9311-010,https://static.nike.com/a/images/t_web_pw_592_v2/f_auto/1cea42b6-77a6-4a90-bc4f-43c4194446ea/G+NP+DF+ONE+SS+TOP+SPORT+VNR.png,Nike One Classic,1786.2,1428.96,20.0
https://www.nike.com/ph/t/pegasus-road-running-shoes-rtxUnrUj/HQ2593-603,"https://static.nike.com/a/images/t_web_pw_592_v2/f_auto/u_9ddf04c7-2a9a-4d76-add1-d15af8f0263d,c_scale,fl_relative,w_1.0,h_1.0,fl_layer_apply/bbf03490-5632-48a1-b59c-4994eeb428d9/W+NIKE+PEGASUS+PREMIUM.png",Nike Pegasus Premium,18712.2,14969.76,20.0
https://www.nike.com/ph/t/phantom-6-high-elite-ea-sports-fc-football-boots-VY1tz3XR/HQ2330-900,"https://static.nike.com/a/images/t_web_pw_592_v2/f_auto/u_9ddf04c7-2a9a-4d76-add1-d15af8f0263d,c_scale,fl_relative,w_1.0,h_1.0,fl_layer_apply/34b694f6-86f9-4325-916b-3eb72ddece69/PHANTOM+6+HIGH+ELITE+FG+SE.png","Nike Phantom 6 High Elite ""EA SPORTS FC""",27448.2,21958.56,20.0
https://www.nike.com/ph/t/pegasus-trail-5-trail-running-shoes-2jxMFQ/DV3864-302,"https://static.nike.com/a/images/t_web_pw_592_v2/f_auto/u_9ddf04c7-2a9a-4d76-add1-d15af8f0263d,c_scale,fl_relative,w_1.0,h_1.0,fl_layer_apply/d4c8e360-ce0c-4323-8ab9-a3255207b59b/NIKE+REACTX+PEGASUS+TRAIL+5.png",Nike Pegasus Trail 5,12316.2,9852.96,20.0
https://www.nike.com/ph/t/everyday-wool-cushioned-crew-socks-25hz6w/DQ6394-910,"https://static.nike.com/a/images/t_web_pw_592_v2/f_auto/u_9ddf04c7-2a9a-4d76-add1-d15af8f0263d,c_scale,fl_relative,w_1.0,h_1.0,fl_layer_apply/24036780-7154-43cf-ad29-6c13c944d9a0/U+NK+ED+CSH+CRW+2PR+144+WOOL.png",Nike Everyday Wool,1630.2,1304.16,20.0
https://www.nike.com/ph/t/air-max-90-shoes-crqFXyDw/IM6773-104,"https://static.nike.com/a/images/t_web_pw_592_v2/f_auto/u_9ddf04c7-2a9a-4d76-add1-d15af8f0263d,c_scale,fl_relative,w_1.0,h_1.0,fl_layer_apply/ea35ca83-cfdd-4088-b442-977d3069fc3f/AIR+MAX+90+PRM.png",Nike Air Max 90 Premium,13408.2,10726.56,20.0
https://www.nike.com/ph/t/air-max-muse-shoes-9fGnrT/FV1920-004,"https://static.nike.com/a/images/t_web_pw_592_v2/f_auto/u_9ddf04c7-2a9a-4d76-add1-d15af8f0263d,c_scale,fl_relative,w_1.0,h_1.0,fl_layer_apply/d2eab18b-6c0b-474b-aae4-6ab865a68a78/WMNS+NIKE+AIR+MAX+MUSE.png",Nike Air Max Muse,13096.2,7857.72,40.0
https://www.nike.com/ph/t/sb-max90-skate-t-shirt-M2CCDtJi/HV2189-222,https://static.nike.com/a/images/t_web_pw_592_v2/f_auto/8dd1981f-7d45-415b-a905-a24987e96a7c/AS+U+NK+SB+TEE+M90+SKATE+CHAR.png,Nike SB,3112.2,2489.76,20.0
https://www.nike.com/ph/t/jordan-1-low-alt-shoes-WI1DT0WU/HV4804-001,"https://static.nike.com/a/images/t_web_pw_592_v2/f_auto/u_126ab356-44d8-4a06-89b4-fcdcc8df0245,c_scale,fl_relative,w_1.0,h_1.0,fl_layer_apply/55d30823-cf17-46ea-8572-a23052cfcc22/JORDAN+1+LOW+ALT+SS+%28TD%29.png",Jordan 1 Low Alt,5296.2,4236.96,20.0
https://www.nike.com/ph/t/offcourt-adjust-slides-0lvVgp/DV1033-602,"https://static.nike.com/a/images/t_web_pw_592_v2/f_auto/u_9ddf04c7-2a9a-4d76-add1-d15af8f0263d,c_scale,fl_relative,w_1.0,h_1.0,fl_layer_apply/b788aa45-7425-4abb-be1b-80d987290c06/W+NIKE+OFFCOURT+ADJUST+SLIDE.png",Nike Offcourt Adjust,3424.2,2739.36,20.0
https://www.nike.com/ph/t/jordan-sport-13cm-shorts-0TXVvD/FB4623-010,"https://static.nike.com/a/images/t_web_pw_592_v2/f_auto/u_126ab356-44d8-4a06-89b4-fcdcc8df0245,c_scale,fl_relative,w_1.0,h_1.0,fl_layer_apply/dd77e65b-81d9-4136-8f84-8c280b5c407a/W+J+SPT+LEGGING+SHORTIE.png",Jordan Sport,2176.2,1740.96,20.0
https://www.nike.com/ph/t/jordan-brooklyn-fleece-crew-neck-sweatshirt-l2nY6srx/IM6301-010,"https://static.nike.com/a/images/t_web_pw_592_v2/f_auto/u_126ab356-44d8-4a06-89b4-fcdcc8df0245,c_scale,fl_relative,w_1.0,h_1.0,fl_layer_apply/62739a84-40d5-40b2-80d7-bc53d6018a36/M+J+BRK+AJ11+FLEECE+CREW+LB.png",Jordan Brooklyn Fleece,4984.2,3987.36,20.0
https://www.nike.com/ph/t/gato-shoes-4SjsVR/HQ6019-001,"https://static.nike.com/a/images/t_web_pw_592_v2/f_auto/u_9ddf04c7-2a9a-4d76-add1-d15af8f0263d,c_scale,fl_relative,w_1.0,h_1.0,fl_layer_apply/55cc9c90-398d-4485-833e-516b695f4670/NIKE+GATO.png",Nike Gato,9664.2,7731.36,20.0
https://www.nike.com/ph/t/united-tiempo-legend-10-elite-low-top-football-boot-r6kIxPmc/IB2467-001,"https://static.nike.com/a/images/t_web_pw_592_v2/f_auto/u_9ddf04c7-2a9a-4d76-add1-d15af8f0263d,c_scale,fl_relative,w_1.0,h_1.0,fl_layer_apply/e026b22a-cd8f-4223-9015-ec97398146f9/LEGEND+10+ELITE+FG+NU2.png",Nike United Tiempo Legend 10 Elite,21052.2,16841.76,20.0
https://www.nike.com/ph/t/sb-dunk-low-verdugo-mountain-skate-shoes-cxhLGpeo/HQ1626-300,"https://static.nike.com/a/images/t_web_pw_592_v2/f_auto/u_9ddf04c7-2a9a-4d76-add1-d15af8f0263d,c_scale,fl_relative,w_1.0,h_1.0,fl_layer_apply/2270198b-76af-479a-a8cc-7470a9a4669b/NIKE+SB+DUNK+LOW+PRO+PRM.png",Nike SB Dunk Low 'Verdugo Mountain',10912.2,6547.32,40.0
https://www.nike.com/ph/t/jordan-rare-air-t-shirt-xuaP8TXo/IB3130-820,"https://static.nike.com/a/images/t_web_pw_592_v2/f_auto/u_126ab356-44d8-4a06-89b4-fcdcc8df0245,c_scale,fl_relative,w_1.0,h_1.0,fl_layer_apply/9e0d3aca-4b3d-441b-958a-2c58fb80ded3/M+J+RARE+AIR+WSH+85+SS+CREW.png",Jordan Rare Air,3892.2,2335.32,40.0
https://www.nike.com/ph/t/sb-ps8-shoes-NHx2xt/FV8493-402,"https://static.nike.com/a/images/t_web_pw_592_v2/f_auto/u_9ddf04c7-2a9a-4d76-add1-d15af8f0263d,c_scale,fl_relative,w_1.0,h_1.0,fl_layer_apply/824d6367-3191-4eb7-b851-035c1cbddad5/NIKE+SB+PS8.png",Nike SB PS8,10756.2,8604.96,20.0
https://www.nike.com/ph/t/jordan-session-se-shoes-J2qDApu0/IM8122-815,"https://static.nike.com/a/images/t_web_pw_592_v2/f_auto/u_126ab356-44d8-4a06-89b4-fcdcc8df0245,c_scale,fl_relative,w_1.0,h_1.0,fl_layer_apply/b2ffb542-71a1-4c7f-be8c-e4057552cc4a/JORDAN+SESSION+SE.png",Jordan Session SE,9040.2,7232.16,20.0
https://www.nike.com/ph/t/nikecourt-dri-fit-tennis-polo-xQtSz0/DH0858-010,https://static.nike.com/a/images/t_web_pw_592_v2/f_auto/11a67992-bab3-4d40-90d5-21fd42a750ef/AS+M+NKCT+DF+POLO+SOLID.png,NikeCourt Dri-FIT,2956.2,2369.64,19.84
https://www.nike.com/ph/t/alate-minimalist-light-support-padded-convertible-sports-bra-x29WMn/FQ3551-100,https://static.nike.com/a/images/t_web_pw_592_v2/f_auto/75ed2a22-6df1-4068-85a0-7b1e80fb0dd3/AS+W+NK+ALATE+MINIMALIST+LSBRA.png,Nike Alate Minimalist,3268.2,2614.56,20.0
https://www.nike.com/ph/t/field-general-shoes-1hsplcqs/FZ5593-006,"https://static.nike.com/a/images/t_web_pw_592_v2/f_auto/u_9ddf04c7-2a9a-4d76-add1-d15af8f0263d,c_scale,fl_relative,w_1.0,h_1.0,fl_layer_apply/68aa56ba-29a6-4ad5-8e12-6b7fe73091b7/WMNS+NIKE+FIELD+GENERAL.png",Nike Field General,9040.2,5424.12,40.0
https://www.nike.com/ph/t/team-hustle-d-12-older-basketball-shoes-ykSrI6EG/HV2291-400,"https://static.nike.com/a/images/t_web_pw_592_v2/f_auto/u_9ddf04c7-2a9a-4d76-add1-d15af8f0263d,c_scale,fl_relative,w_1.0,h_1.0,fl_layer_apply/a38f5d1a-8566-42dd-bdff-4411888a47e1/TEAM+HUSTLE+D+12+SE+%28GS%29.png",Nike Team Hustle D 12,5608.2,4486.56,20.0
https://www.nike.com/ph/t/air-force-1-shadow-shoes-mN8Glx/CI0919-124,"https://static.nike.com/a/images/t_web_pw_592_v2/f_auto/u_9ddf04c7-2a9a-4d76-add1-d15af8f0263d,c_scale,fl_relative,w_1.0,h_1.0,fl_layer_apply/86b39ac3-4f6d-4048-8bc1-8fecc6b35e35/W+AF1+SHADOW.png",Nike Air Force 1 Shadow,10756.2,8604.96,20.0
https://www.nike.com/ph/t/air-force-1-07-lv8-shoes-kJgfa244/IM7809-010,"https://static.nike.com/a/images/t_web_pw_592_v2/f_auto/u_9ddf04c7-2a9a-4d76-add1-d15af8f0263d,c_scale,fl_relative,w_1.0,h_1.0,fl_layer_apply/87434964-ab50-4070-a79b-0f0f13391276/WMNS+AIR+FORCE+1+%2707+LV8.png",Air Force 1 '07 LV8,10912.2,8729.76,20.0
https://www.nike.com/ph/t/promina-walking-shoes-9DTCNH/HQ8477-002,"https://static.nike.com/a/images/t_web_pw_592_v2/f_auto/u_9ddf04c7-2a9a-4d76-add1-d15af8f0263d,c_scale,fl_relative,w_1.0,h_1.0,fl_layer_apply/7e9545ea-2bcf-46c2-8d5f-4c0d3af610bc/M+NIKE+PROMINA+EXTRA+WIDE.png",Nike Promina,5140.2,3598.92,29.98
https://www.nike.com/ph/t/shox-z-shoes-5AFJMyDk/HQ7540-600,"https://static.nike.com/a/images/t_web_pw_592_v2/f_auto/u_9ddf04c7-2a9a-4d76-add1-d15af8f0263d,c_scale,fl_relative,w_1.0,h_1.0,fl_layer_apply/816c1f79-83d0-42e9-a09d-b982c435a39a/W+NIKE+SHOX+Z.png",Nike Shox Z,11848.2,9478.56,20.0
https://www.nike.com/ph/t/lebron-miami-twice-older-max90-basketball-t-shirt-jkLWKZqC/IM6656-010,https://static.nike.com/a/images/t_web_pw_592_v2/f_auto/641527d5-1207-48a6-bf9d-44b05bd6a4d3/LJ+K+NSW+TEE+MAX90+MT.png,"LeBron ""Miami Twice""",1630.2,1304.16,20.0
https://www.nike.com/ph/t/air-max-sndr-se-shoes-0ae4mUUU/IM8054-043,"https://static.nike.com/a/images/t_web_pw_592_v2/f_auto/u_9ddf04c7-2a9a-4d76-add1-d15af8f0263d,c_scale,fl_relative,w_1.0,h_1.0,fl_layer_apply/c8cc5269-13bc-4ab4-b5a4-b78453232ee7/NIKE+AIR+MAX+SNDR+SE.png",Nike Air Max SNDR SE,16996.2,13596.96,20.0
https://www.nike.com/ph/t/running-lightweight-crew-socks-KjKQZMGS/HV6919-050,"https://static.nike.com/a/images/t_web_pw_592_v2/f_auto/u_9ddf04c7-2a9a-4d76-add1-d15af8f0263d,c_scale,fl_relative,w_1.0,h_1.0,fl_layer_apply/8064f170-580f-4a02-989d-80f57c654b0d/U+NK+LTWT+RUN+CREW+1PR+-+200.png",Nike Running Lightweight,1318.2,1054.56,20.0
https://www.nike.com/ph/t/sportswear-dri-fit-fleece-hoodie-4zZ5qnQ2/HV0734-610,https://static.nike.com/a/images/t_web_pw_592_v2/f_auto/2f4b2ed3-d04a-4a85-bb20-12dc415b1c56/G+NSW+DF+FLC+DANCE+HDY.png,Nike Sportswear,3892.2,3113.76,20.0
https://www.nike.com/ph/t/jr-mercurial-superfly-10-club-younger-older-multi-ground-high-top-football-boot-n2hGBF/FQ8318-300,"https://static.nike.com/a/images/t_web_pw_592_v2/f_auto/u_9ddf04c7-2a9a-4d76-add1-d15af8f0263d,c_scale,fl_relative,w_1.0,h_1.0,fl_layer_apply/8e0d80c1-f3df-4fe4-9f35-fd5fe0885af6/JR+SUPERFLY+10+CLUB+FG%2FMG.png",Nike Jr. Mercurial Superfly 10 Club,4516.2,3612.96,20.0
https://www.nike.com/ph/t/tatum-t-shirt-B8TQhI0d/IH0600-010,"https://static.nike.com/a/images/t_web_pw_592_v2/f_auto/u_126ab356-44d8-4a06-89b4-fcdcc8df0245,c_scale,fl_relative,w_1.0,h_1.0,fl_layer_apply/51fe85c4-f7d2-4b54-8d34-a0e1965f489f/M+J+GFX+SS+CREW+JT.png",Tatum,3424.2,2739.36,20.0
https://www.nike.com/ph/t/air-max-bia-shoes-4XSQu0HV/IF2624-003,"https://static.nike.com/a/images/t_web_pw_592_v2/f_auto/u_9ddf04c7-2a9a-4d76-add1-d15af8f0263d,c_scale,fl_relative,w_1.0,h_1.0,fl_layer_apply/76d10c50-d80a-4e55-a53a-5753fe7f6bc4/AIR+MAX+BIA.png",Nike Air Max Bia,8104.2,6483.36,20.0
https://www.nike.com/ph/t/form-boyshorts-Bhf5g1/HQ7010-011,https://static.nike.com/a/images/t_web_pw_592_v2/f_auto/a3627ac4-29ed-4339-a6c5-f3582ea975ed/AS+W+NK+BOYSHORT.png,Nike Form,2956.2,2364.96,20.0
https://www.nike.com/ph/t/aeroswift-dri-fit-adv-5cm-running-shorts-cWsY1WLr/HV2646-702,https://static.nike.com/a/images/t_web_pw_592_v2/f_auto/dca44594-990e-4792-8fc7-eadde3e84ae3/AS+M+NK+DFADV+AROSWFT+2IN+EE+A.png,Nike AeroSwift,6076.2,4860.96,20.0
https://www.nike.com/ph/t/paris-saint-germain-fleece-hoodie-VTlKoUQl/HV3424-133,"https://static.nike.com/a/images/t_web_pw_592_v2/f_auto/u_126ab356-44d8-4a06-89b4-fcdcc8df0245,c_scale,fl_relative,w_1.0,h_1.0,fl_layer_apply/2aa90682-94cc-45e4-8e77-5eb1a52f135c/M+J+PSG+STMT+FLC+PO.png",Paris Saint-Germain,7012.2,5609.76,20.0
https://www.nike.com/ph/t/air-pegasus-89-g-golf-shoes-Hhb0Q84e/HV3866-400,"https://static.nike.com/a/images/t_web_pw_592_v2/f_auto/u_9ddf04c7-2a9a-4d76-add1-d15af8f0263d,c_scale,fl_relative,w_1.0,h_1.0,fl_layer_apply/b8565a10-aeff-4e6c-8769-8cc24f86363c/AIR+PEGASUS+%2789+G.png",Nike Air Pegasus '89 G,10756.2,8604.96,20.0
https://www.nike.com/ph/t/sb-zoom-nyjah-4-skate-shoes-gZTcsd/FQ1273-001,"https://static.nike.com/a/images/t_web_pw_592_v2/f_auto/u_9ddf04c7-2a9a-4d76-add1-d15af8f0263d,c_scale,fl_relative,w_1.0,h_1.0,fl_layer_apply/95517ccd-ec0b-4c96-a3f2-f251613099d7/NIKE+SB+ZOOM+NYJAH+4.png",Nike SB Zoom Nyjah 4,9820.2,7856.16,20.0
https://www.nike.com/ph/t/jordan-sport-t-shirt-qyFYeXsV/IB1967-057,"https://static.nike.com/a/images/t_web_pw_592_v2/f_auto/u_126ab356-44d8-4a06-89b4-fcdcc8df0245,c_scale,fl_relative,w_1.0,h_1.0,fl_layer_apply/a3b0af47-7899-4a48-aefa-b5756ac90f7e/W+J+SPT+DF+SS+GFX+TEE+2.png",Jordan Sport,2800.2,2240.16,20.0
https://www.nike.com/ph/t/infinity-tour-2-golf-shoes-K10qmQ/FD0217-004,"https://static.nike.com/a/images/t_web_pw_592_v2/f_auto/u_9ddf04c7-2a9a-4d76-add1-d15af8f0263d,c_scale,fl_relative,w_1.0,h_1.0,fl_layer_apply/ec51b7b1-5b85-4c88-917e-4263b6760db8/AIR+ZOOM+INFINITY+TR+NEXT%25+2.png",Nike Infinity Tour 2,14656.2,11724.96,20.0
https://www.nike.com/ph/t/ld-1000-shoes-93M41skp/IH7345-001,"https://static.nike.com/a/images/t_web_pw_592_v2/f_auto/u_9ddf04c7-2a9a-4d76-add1-d15af8f0263d,c_scale,fl_relative,w_1.0,h_1.0,fl_layer_apply/f1c47605-64e1-44ed-b31e-857f4c5aefc6/W+LD-1000.png",Nike LD-1000,11848.2,7108.92,40.0
https://www.nike.com/ph/t/sb-dunk-low-pro-skate-shoes-hTqg2m/HJ4135-600,"https://static.nike.com/a/images/t_web_pw_592_v2/f_auto/u_9ddf04c7-2a9a-4d76-add1-d15af8f0263d,c_scale,fl_relative,w_1.0,h_1.0,fl_layer_apply/6f296ee1-4796-4b38-9019-8ea4630458c6/NIKE+SB+DUNK+LOW+PRO.png",Nike SB Dunk Low Pro,9820.2,4910.88,49.99
https://www.nike.com/ph/t/jordan-brooklyn-realtree-long-sleeve-pocket-crew-neck-qfA3WzLi/HV4567-010,"https://static.nike.com/a/images/t_web_pw_592_v2/f_auto/u_126ab356-44d8-4a06-89b4-fcdcc8df0245,c_scale,fl_relative,w_1.0,h_1.0,fl_layer_apply/504cb25b-4830-434e-a65b-f9b817541fc5/M+J+BRK+RLT+LS+POCKET+CREW.png",Jordan Brooklyn,3112.2,2489.76,20.0
https://www.nike.com/ph/t/kobe-older-dri-fit-shorts-t9T2dT/HJ1005-010,https://static.nike.com/a/images/t_web_pw_592_v2/f_auto/88eaa62f-f0bc-428b-9ccf-d56421034cd8/KB+K+NK+DF+FUND+SHORT.png,Kobe,2176.2,1740.96,20.0
https://www.nike.com/ph/t/sb-vertebrae-shoes-Zlnwhs/FD4691-008,"https://static.nike.com/a/images/t_web_pw_592_v2/f_auto/u_9ddf04c7-2a9a-4d76-add1-d15af8f0263d,c_scale,fl_relative,w_1.0,h_1.0,fl_layer_apply/e2f2b53f-662e-46da-9a25-8005f58307ab/NIKE+SB+VERTEBRAE.png",Nike SB Vertebrae,7324.2,5859.36,20.0
https://www.nike.com/ph/t/sportswear-phoenix-fleece-mid-rise-4-shorts-blZgbP7q/IH2109-667,https://static.nike.com/a/images/t_web_pw_592_v2/f_auto/a72327cb-7826-4eb0-95f9-5f64bfb7f7c0/AS+W+NSW+PHNX+FLC+MR+STD+4IN+S.png,Nike Sportswear Phoenix Fleece,3112.2,2489.76,20.0
https://www.nike.com/ph/t/dna-older-dri-fit-12-5cm-basketball-shorts-bipiyDxd/IB3741-388,https://static.nike.com/a/images/t_web_pw_592_v2/f_auto/33ff5ffb-38b7-4a6e-90aa-a0f1f5e765c1/B+NK+DF+DNA+5IN+SHORT+GLITCH.png,Nike DNA,2644.2,2115.36,20.0
https://www.nike.com/ph/t/team-hustle-d-12-younger-shoes-abvdLYqz/HV2290-400,"https://static.nike.com/a/images/t_web_pw_592_v2/f_auto/u_9ddf04c7-2a9a-4d76-add1-d15af8f0263d,c_scale,fl_relative,w_1.0,h_1.0,fl_layer_apply/e32abf92-5920-461b-a72d-a582b80e987c/TEAM+HUSTLE+D+12+SE+%28PS%29.png",Nike Team Hustle D 12,5296.2,4236.96,20.0
https://www.nike.com/ph/t/alphafly-3-road-racing-shoes-qCk5NL7y/IH3575-999,"https://static.nike.com/a/images/t_web_pw_592_v2/f_auto/u_9ddf04c7-2a9a-4d76-add1-d15af8f0263d,c_scale,fl_relative,w_1.0,h_1.0,fl_layer_apply/2a3501e4-8829-47f1-a949-ef6ff5cb2fb9/AIR+ZOOM+ALPHAFLY+NEXT%25+3+PRM.png",Nike Alphafly 3 Premium,24172.2,16921.32,30.0
https://www.nike.com/ph/t/air-max-tl-2-5-shoes-zIPq1tVG/HM8818-400,"https://static.nike.com/a/images/t_web_pw_592_v2/f_auto/u_9ddf04c7-2a9a-4d76-add1-d15af8f0263d,c_scale,fl_relative,w_1.0,h_1.0,fl_layer_apply/a3ea3412-5646-4d99-8927-951489e3239e/AIR+MAX+TL+2.5.png",Nike Air Max TL 2.5,16060.2,9636.12,40.0
https://www.nike.com/ph/t/air-max-dn-roam-shoes-U9gINXlF/HQ8605-002,"https://static.nike.com/a/images/t_web_pw_592_v2/f_auto/u_9ddf04c7-2a9a-4d76-add1-d15af8f0263d,c_scale,fl_relative,w_1.0,h_1.0,fl_layer_apply/642513f7-b77e-4fa9-8bd4-022567000ca2/AIR+MAX+DN+ROAM.png",Nike Air Max Dn Roam,16060.2,12848.16,20.0
https://www.nike.com/ph/t/tour-5-pocket-slim-golf-trousers-fM68m7/FD5616-010,https://static.nike.com/a/images/t_web_pw_592_v2/f_auto/45aee7b6-2886-4626-bfb8-64fcf1950b9c/AS+M+NK+TOUR+5+PKT+SLIM+PANT.png,Nike Tour,6388.2,5110.56,20.0
https://www.nike.com/ph/t/sportswear-long-sleeve-jersey-top-5TlXTbt2/IM7453-667,https://static.nike.com/a/images/t_web_pw_592_v2/f_auto/be47c5a7-4de9-4d48-93e6-dcbfa8b7724a/AS+W+NSW+LS+JERSEY.png,Nike Sportswear,3736.2,2988.96,20.0
https://www.nike.com/ph/t/dunk-low-retro-shoes-zQ4M2X/IB8864-211,"https://static.nike.com/a/images/t_web_pw_592_v2/f_auto/u_9ddf04c7-2a9a-4d76-add1-d15af8f0263d,c_scale,fl_relative,w_1.0,h_1.0,fl_layer_apply/ae01c2a0-b415-404a-93e3-088b511cb192/NIKE+DUNK+LOW+RETRO.png",Nike Dunk Low Retro,11380.2,5690.88,49.99
https://www.nike.com/ph/t/sportswear-club-fleece-older-french-terry-shorts-NM0BmX/FD3015-499,https://static.nike.com/a/images/t_web_pw_592_v2/f_auto/f2796c0a-a92e-47b0-a0af-1ca8a97b1f0f/K+NSW+CLUB+FT+SHORT+LBR.png,Nike Sportswear Club Fleece,1786.2,1428.96,20.0
https://www.nike.com/ph/t/jordan-flight-fleece-trousers-Qmb3puxl/HV0329-133,"https://static.nike.com/a/images/t_web_pw_592_v2/f_auto/u_126ab356-44d8-4a06-89b4-fcdcc8df0245,c_scale,fl_relative,w_1.0,h_1.0,fl_layer_apply/02a0c0dd-3b12-45ec-9e81-7faabf631ced/W+J+FLT+FLC+PANT+SSNL.png",Jordan Flight,6544.2,5235.36,20.0
https://www.nike.com/ph/t/dunk-low-shoes-CWLYfpp1/HV4388-600,"https://static.nike.com/a/images/t_web_pw_592_v2/f_auto/u_9ddf04c7-2a9a-4d76-add1-d15af8f0263d,c_scale,fl_relative,w_1.0,h_1.0,fl_layer_apply/cc9b488c-b1a6-4c35-a687-b38236f82360/W+NIKE+DUNK+LOW+SS.png",Nike Dunk Low,11848.2,9478.56,20.0
https://www.nike.com/ph/t/ja-basketball-m90-t-shirt-Njf6b0nR/II1492-100,https://static.nike.com/a/images/t_web_pw_592_v2/f_auto/6271ad34-2829-4090-b834-838a26d46446/AS+JM+M+NK+TEE+M90+ZOMBIE.png,JA,3112.2,2489.76,20.0
https://www.nike.com/ph/t/pegasus-41-older-road-running-shoes-z1216h/FN5041-201,"https://static.nike.com/a/images/t_web_pw_592_v2/f_auto/u_9ddf04c7-2a9a-4d76-add1-d15af8f0263d,c_scale,fl_relative,w_1.0,h_1.0,fl_layer_apply/b3bfffb7-3706-44e9-a151-c011a15204c9/AIR+ZOOM+PEGASUS+41+%28GS%29.png",Nike Pegasus 41,7792.2,6233.76,20.0
https://www.nike.com/ph/t/air-superfly-shoes-1GxUW8hr/HQ7955-402,"https://static.nike.com/a/images/t_web_pw_592_v2/f_auto/u_9ddf04c7-2a9a-4d76-add1-d15af8f0263d,c_scale,fl_relative,w_1.0,h_1.0,fl_layer_apply/68762ccf-1c02-4ae5-a16c-3134aaae3330/W+NIKE+AIR+SUPERFLY.png",Nike Air Superfly,9040.2,7232.16,20.0
https://www.nike.com/ph/t/sportswear-faux-fur-tote-tHPTtZ/FZ1323-010,"https://static.nike.com/a/images/t_web_pw_592_v2/f_auto/u_9ddf04c7-2a9a-4d76-add1-d15af8f0263d,c_scale,fl_relative,w_1.0,h_1.0,fl_layer_apply/c6118984-77e6-4d71-9b5c-8e948c59c6d2/NK+NSW+FX+FUR+TOTE.png",Nike Sportswear,5764.2,4611.36,20.0
https://www.nike.com/ph/t/lebron-tr-1-workout-shoes-3zkJkT/FJ6151-301,"https://static.nike.com/a/images/t_web_pw_592_v2/f_auto/u_9ddf04c7-2a9a-4d76-add1-d15af8f0263d,c_scale,fl_relative,w_1.0,h_1.0,fl_layer_apply/f8762aee-fac6-4b6e-9b2e-1ba083f0c27f/LEBRON+TR+1.png",LeBron TR 1,11536.2,9228.96,20.0
https://www.nike.com/ph/t/dunk-low-shoes-fhs947/FB9107-010,"https://static.nike.com/a/images/t_web_pw_592_v2/f_auto/u_9ddf04c7-2a9a-4d76-add1-d15af8f0263d,c_scale,fl_relative,w_1.0,h_1.0,fl_layer_apply/57cb94ba-9ee2-4eab-a45d-c48e6460c149/NIKE+DUNK+LOW+%28TDE%29.png",Nike Dunk Low,4516.2,3612.96,20.0
https://www.nike.com/ph/t/jr-mercurial-vapor-16-academy-kylian-mbappe-older-multi-ground-low-top-football-boot-01jdVd/FQ8394-801,"https://static.nike.com/a/images/t_web_pw_592_v2/f_auto/u_9ddf04c7-2a9a-4d76-add1-d15af8f0263d,c_scale,fl_relative,w_1.0,h_1.0,fl_layer_apply/587a0f25-7d4e-4903-b964-16551f6a2fa0/JR+ZOOM+VAPOR+16+ACAD+KM+FG%2FMG.png",Nike Jr. Mercurial Vapor 16 Academy 'Kylian Mbappé',5764.2,4611.36,20.0
https://www.nike.com/ph/t/tiempo-legend-10-academy-multi-ground-low-top-football-boot-gthDNJ/DV4337-701,"https://static.nike.com/a/images/t_web_pw_592_v2/f_auto/u_9ddf04c7-2a9a-4d76-add1-d15af8f0263d,c_scale,fl_relative,w_1.0,h_1.0,fl_layer_apply/29bc699b-f8c3-4ecf-9799-b3b4850d9aec/LEGEND+10+ACADEMY+FG%2FMG.png",Nike Tiempo Legend 10 Academy,6700.2,5360.16,20.0
https://www.nike.com/ph/t/sportswear-pleated-trousers-7McRW3KE/IM7460-010,https://static.nike.com/a/images/t_web_pw_592_v2/f_auto/ca59374d-c248-44b0-9473-25b10e4879ad/AS+W+NSW+PLEATED+PANT.png,Nike Sportswear,6388.2,5110.56,20.0
https://www.nike.com/ph/t/air-jordan-1-low-se-older-shoes-DnbbAsrg/IM4422-400,"https://static.nike.com/a/images/t_web_pw_592_v2/f_auto/u_126ab356-44d8-4a06-89b4-fcdcc8df0245,c_scale,fl_relative,w_1.0,h_1.0,fl_layer_apply/7adad52d-1034-407c-8cce-8a3c4db89a62/AIR+JORDAN+1+LOW+SE+%28GS%29.png",Air Jordan 1 Low SE,8572.2,6857.76,20.0
https://www.nike.com/ph/t/classic-backpack-V8xJFl/BA5928-634,"https://static.nike.com/a/images/t_web_pw_592_v2/f_auto/u_9ddf04c7-2a9a-4d76-add1-d15af8f0263d,c_scale,fl_relative,w_1.0,h_1.0,fl_layer_apply/437d6572-efa3-4609-adc7-d37cf8ce503c/Y+NK+CLASSIC+BKPK.png",Nike Classic,2176.2,1740.96,20.0
https://www.nike.com/ph/t/pro-graphic-cap-qURjBG5i/HV7015-010,"https://static.nike.com/a/images/t_web_pw_592_v2/f_auto/u_9ddf04c7-2a9a-4d76-add1-d15af8f0263d,c_scale,fl_relative,w_1.0,h_1.0,fl_layer_apply/049b758e-cd5d-4099-9e8a-2430b82e78a3/U+NK+PRO+CAP+US+FB+ALBATROSS.png",Nike Pro,2020.2,1616.16,20.0
https://www.nike.com/ph/t/jordan-everyday-crew-socks-l9lmDn/DX9632-918,"https://static.nike.com/a/images/t_web_pw_592_v2/f_auto/u_126ab356-44d8-4a06-89b4-fcdcc8df0245,c_scale,fl_relative,w_1.0,h_1.0,fl_layer_apply/fa0dabc4-19a2-438c-82fa-a5cf90f3daaa/U+J+ED+CUSH+POLY+CREW+3PR+144.png",Jordan,1552.2,1246.44,19.7
https://www.nike.com/ph/t/jordan-sport-dri-fit-golf-t-shirt-TfxOHZIA/IH2129-034,"https://static.nike.com/a/images/t_web_pw_592_v2/f_auto/u_126ab356-44d8-4a06-89b4-fcdcc8df0245,c_scale,fl_relative,w_1.0,h_1.0,fl_layer_apply/ce0eb176-8ca3-484d-8ade-261771a76eb2/M+J+DF+GOLF+SS+CREW.png",Jordan Sport,3112.2,2489.76,20.0
https://www.nike.com/ph/t/lego-collection-cropped-t-shirt-GElATwim/IB4463-416,"https://static.nike.com/a/images/t_web_pw_592_v2/f_auto/u_9ddf04c7-2a9a-4d76-add1-d15af8f0263d,c_scale,fl_relative,w_1.0,h_1.0,fl_layer_apply/42826555-10eb-4685-a41a-1b39502e9b16/NIKE+X+LEGO+COLLECTION+SHIRT.png",Nike x LEGO® Collection,1630.2,1304.16,20.0
https://www.nike.com/ph/t/primary-versatile-crew-1YZft2qO/HV3806-390,https://static.nike.com/a/images/t_web_pw_592_v2/f_auto/5531f32f-df5f-47bf-915c-5cde70a69ca2/AS+M+NK+TF+PRIMARY+CREW+JCQRD.png,Nike Primary,5920.2,4736.16,20.0
https://www.nike.com/ph/t/ld-1000-shoes-JnYsqZhQ/IH4484-133,"https://static.nike.com/a/images/t_web_pw_592_v2/f_auto/u_9ddf04c7-2a9a-4d76-add1-d15af8f0263d,c_scale,fl_relative,w_1.0,h_1.0,fl_layer_apply/be01eb19-baac-448c-a7d2-826f4097aea1/W+LD-1000.png",Nike LD-1000,9040.2,5424.12,40.0
https://www.nike.com/ph/t/lebron-witness-9-younger-shoes-xBTO1AKz/HV2271-700,"https://static.nike.com/a/images/t_web_pw_592_v2/f_auto/u_9ddf04c7-2a9a-4d76-add1-d15af8f0263d,c_scale,fl_relative,w_1.0,h_1.0,fl_layer_apply/5d1069be-2b8e-4964-9934-fb3d1c66c9de/LEBRON+WITNESS+IX+%28PS%29.png",LeBron Witness 9,6388.2,5110.56,20.0
https://www.nike.com/ph/t/ld-1000-shoes-ldznBW/HF3227-100,"https://static.nike.com/a/images/t_web_pw_592_v2/f_auto/u_9ddf04c7-2a9a-4d76-add1-d15af8f0263d,c_scale,fl_relative,w_1.0,h_1.0,fl_layer_apply/943c76dd-88f0-42fe-b022-e13f4b110649/W+LD-1000.png",Nike LD-1000,9040.2,5424.12,40.0
https://www.nike.com/ph/t/sportswear-jacket-XpZbF3QM/IM7468-133,https://static.nike.com/a/images/t_web_pw_592_v2/f_auto/aca887cf-2995-4a83-95a9-0ec455ba6fef/AS+W+NSW+JKT+PREP.png,Nike Sportswear,6076.2,4860.96,20.0
https://www.nike.com/ph/t/sportswear-chill-knit-slim-long-sleeve-cropped-top-Onngh5bX/HF5323-390,https://static.nike.com/a/images/t_web_pw_592_v2/f_auto/7500718e-0bb7-47eb-8579-9961af68e986/AS+W+NSW+NK+CHLL+KNT+LS+CRP.png,Nike Sportswear Chill Knit,3112.2,2489.76,20.0
https://www.nike.com/ph/t/air-max-muse-se-shoes-ZYWzNXen/IB6689-001,"https://static.nike.com/a/images/t_web_pw_592_v2/f_auto/u_9ddf04c7-2a9a-4d76-add1-d15af8f0263d,c_scale,fl_relative,w_1.0,h_1.0,fl_layer_apply/f27c9619-52ac-45a3-b9b2-db5af5d563e8/WMNS+NK+AIR+MAX+MUSE+SE.png",Nike Air Max Muse SE,14188.2,11350.56,20.0
https://www.nike.com/ph/t/air-max-nuaxis-shoes-M51F5J/FD4329-004,"https://static.nike.com/a/images/t_web_pw_592_v2/f_auto/u_9ddf04c7-2a9a-4d76-add1-d15af8f0263d,c_scale,fl_relative,w_1.0,h_1.0,fl_layer_apply/af3073d0-b59e-4a99-a8b4-b809f2ca9d1d/NIKE+AIR+MAX+NUAXIS.png",Nike Air Max Nuaxis,7792.2,6233.76,20.0
https://www.nike.com/ph/t/air-jordan-4-retro-worn-blue-shoe-Pmmyb6Kn/IB6716-100,"https://static.nike.com/a/images/t_web_pw_592_v2/f_auto/u_126ab356-44d8-4a06-89b4-fcdcc8df0245,c_scale,fl_relative,w_1.0,h_1.0,fl_layer_apply/961713df-3f4d-44a8-807f-2c82f19c3756/WMNS+AIR+JORDAN+4+RETRO+TEX.png",Air Jordan 4 Retro 'Worn Blue',18868.2,13208.52,30.0
https://www.nike.com/ph/t/air-more-uptempo-low-shoes-4gr0jywR/IM6649-700,"https://static.nike.com/a/images/t_web_pw_592_v2/f_auto/u_9ddf04c7-2a9a-4d76-add1-d15af8f0263d,c_scale,fl_relative,w_1.0,h_1.0,fl_layer_apply/2f4666bd-675e-4ce1-bca3-80d9de213bbe/AIR+MORE+UPTEMPO+LOW.png",Nike Air More Uptempo Low,15124.2,12099.36,20.0
https://www.nike.com/ph/t/jordan-brooklyn-peak-beanie-n6eHfbnP/II2413-010,"https://static.nike.com/a/images/t_web_pw_592_v2/f_auto/u_126ab356-44d8-4a06-89b4-fcdcc8df0245,c_scale,fl_relative,w_1.0,h_1.0,fl_layer_apply/d71fb61e-027e-4c6c-a994-034efb972d13/U+J+PEAK+BEANIE+BRK+BL+GX.png",Jordan Brooklyn Peak,2176.2,1740.96,20.0
https://www.nike.com/ph/t/jordan-apex-bucket-hat-H0FgLB/HM5753-133,"https://static.nike.com/a/images/t_web_pw_592_v2/f_auto/u_126ab356-44d8-4a06-89b4-fcdcc8df0245,c_scale,fl_relative,w_1.0,h_1.0,fl_layer_apply/7613626e-067b-42f7-a45c-4086245af2b3/U+J+APEX+BUCKET+JUMPMAN.png",Jordan Apex,2176.2,1740.96,20.0
https://www.nike.com/ph/t/air-max-sndr-shoes-5mJSfs/FZ2068-001,"https://static.nike.com/a/images/t_web_pw_592_v2/f_auto/u_9ddf04c7-2a9a-4d76-add1-d15af8f0263d,c_scale,fl_relative,w_1.0,h_1.0,fl_layer_apply/2366a37e-c6ba-4547-b8f5-0d9fdc786470/W+NIKE+AIR+MAX+SNDR.png",Nike Air Max SNDR,15436.2,10806.12,29.99
https://www.nike.com/ph/t/dunk-low-older-shoes-C7T1cx/FB9109-013,"https://static.nike.com/a/images/t_web_pw_592_v2/f_auto/u_9ddf04c7-2a9a-4d76-add1-d15af8f0263d,c_scale,fl_relative,w_1.0,h_1.0,fl_layer_apply/87e13aa3-31d7-4742-bfde-f47faff1dac5/NIKE+DUNK+LOW+%28GS%29.png",Nike Dunk Low,6544.2,5235.36,20.0
https://www.nike.com/ph/t/dri-fit-victory-long-sleeve-golf-polo-DL65BK/DN2345-100,https://static.nike.com/a/images/t_web_pw_592_v2/f_auto/d773e179-97eb-46fe-82d6-e055eec99107/AS+M+NK+DF+VCTRY+SOLID+LS+POLO.png,Nike Dri-FIT Victory,4048.2,3238.56,20.0
https://www.nike.com/ph/t/older-faux-fur-cross-body-bag-30S97S/FZ1329-010,"https://static.nike.com/a/images/t_web_pw_592_v2/f_auto/u_9ddf04c7-2a9a-4d76-add1-d15af8f0263d,c_scale,fl_relative,w_1.0,h_1.0,fl_layer_apply/15ea8abc-5d2e-4083-a121-56feb6bcf6c5/Y+NK+FX+FUR+CROSSBODY.png",Nike,2176.2,1740.96,20.0
https://www.nike.com/ph/t/sportswear-older-cropped-t-shirt-ymH46jbC/HV5726-010,https://static.nike.com/a/images/t_web_pw_592_v2/f_auto/a2635ef7-b662-4496-b9ef-a0c83bb4b436/G+NSW+TEE+Y2K+GRAPHIC+STAR.png,Nike Sportswear,1552.2,1241.76,20.0
https://www.nike.com/ph/t/tech-fleece-crew-neck-sweatshirt-with-reflective-design-accents-Kc54JXQe/HV1341-010,https://static.nike.com/a/images/t_web_pw_592_v2/f_auto/38c3b48a-85a1-453d-96ed-fbf80ac22944/AS+M+NK+TECH+FLC+CREW+GX.png,Nike Tech,9040.2,7232.16,20.0
https://www.nike.com/ph/t/pro-older-dri-fit-leggings-with-shine-accents-ni9rtPuz/HV0301-010,https://static.nike.com/a/images/t_web_pw_592_v2/f_auto/1ec3d607-9965-4367-8646-7865f586fa63/G+NP+DF+TGHT+SPORT+PACK.png,Nike Pro,2800.2,2240.16,20.0
https://www.nike.com/ph/t/free-golf-nn-golf-shoes-3b46B1/FN0332-004,https://static.nike.com/a/images/t_web_pw_592_v2/f_auto/734a16b1-74ee-4bc3-b116-53dc7eebc881/NIKE+FREE+GOLF+NN.png,Nike Free Golf NN,11536.2,9228.96,20.0
https://www.nike.com/ph/t/killshot-2-shoes-pXS3hB/FQ8903-300,"https://static.nike.com/a/images/t_web_pw_592_v2/f_auto/u_9ddf04c7-2a9a-4d76-add1-d15af8f0263d,c_scale,fl_relative,w_1.0,h_1.0,fl_layer_apply/9e1ef92b-9b91-45b9-b6b8-7f61a3b06f0b/KILLSHOT+2.png",Nike Killshot 2,8104.2,6483.36,20.0
https://www.nike.com/ph/t/phantom-6-low-club-indoor-court-football-shoe-X8HNWqAE/HQ2323-400,"https://static.nike.com/a/images/t_web_pw_592_v2/f_auto/u_9ddf04c7-2a9a-4d76-add1-d15af8f0263d,c_scale,fl_relative,w_1.0,h_1.0,fl_layer_apply/92670469-0085-4427-a2f1-a065fa545a22/PHANTOM+6+LOW+CLUB+IC.png",Nike Phantom 6 Low Club,5608.2,4486.56,20.0
https://www.nike.com/ph/t/sportswear-club-fleece-big-oversized-hoodie-zYF0Pdfx/IH2873-010,https://static.nike.com/a/images/t_web_pw_592_v2/f_auto/0e89c6cf-26b5-46cb-ab2b-5f95ddc12710/G+NSW+CLUB+FLC+OS+HD+SHNE+SATN.png,Nike Sportswear Club Fleece,2956.2,2364.96,20.0
https://www.nike.com/ph/t/jumpman-mvp-shoes-JV1HCs/DZ4475-106,"https://static.nike.com/a/images/t_web_pw_592_v2/f_auto/u_126ab356-44d8-4a06-89b4-fcdcc8df0245,c_scale,fl_relative,w_1.0,h_1.0,fl_layer_apply/8b6db13c-64ad-4678-8a3c-89f505d3cad8/JORDAN+MVP.png",Jumpman MVP,14032.2,9823.32,29.99
https://www.nike.com/ph/t/jordan-flight-court-se-shoes-MPB8g5Vf/IB4414-100,"https://static.nike.com/a/images/t_web_pw_592_v2/f_auto/u_126ab356-44d8-4a06-89b4-fcdcc8df0245,c_scale,fl_relative,w_1.0,h_1.0,fl_layer_apply/00cfb3c5-0fde-46fa-a632-d5340c9edfe6/WMNS+JORDAN+FLIGHT+COURT+SE.png",Jordan Flight Court SE,9820.2,5892.12,40.0
https://www.nike.com/ph/t/acg-chinati-dri-fit-adv-long-sleeve-base-layer-Dz61xw6h/HV1103-010,https://static.nike.com/a/images/t_web_pw_592_v2/f_auto/4832b294-29eb-42f3-9a12-126be9830630/AS+W+ACG+DFADV+CHINATI+LS+BSLY.png,Nike ACG 'Chinati',5140.2,4112.16,20.0
https://www.nike.com/ph/t/sabrina-fleece-basketball-hoodie-m3sM0V/FJ4450-222,https://static.nike.com/a/images/t_web_pw_592_v2/f_auto/4bbfdd39-d9ba-463d-a141-3d3fcf96e1cc/AS+U+NK+SABRINA+HOODIE.png,Sabrina,5140.2,4112.16,20.0
https://www.nike.com/ph/t/air-max-dn-se-shoes-C8vJHfE9/HF5531-500,"https://static.nike.com/a/images/t_web_pw_592_v2/f_auto/u_9ddf04c7-2a9a-4d76-add1-d15af8f0263d,c_scale,fl_relative,w_1.0,h_1.0,fl_layer_apply/8da9755c-06c6-4bcb-b5f7-13a6b9b5dda4/AIR+MAX+DN+SE.png",Nike Air Max Dn SE,15124.2,9074.52,40.0
https://www.nike.com/ph/t/phantom-run-2-road-running-shoes-LcSGB7/CJ0277-100,"https://static.nike.com/a/images/t_web_pw_592_v2/f_auto/u_9ddf04c7-2a9a-4d76-add1-d15af8f0263d,c_scale,fl_relative,w_1.0,h_1.0,fl_layer_apply/i1-c43a9734-8bc6-4390-b321-d123b733714d/NIKE+REACT+PHANTOM+RUN+FK+2.png",Nike Phantom Run 2,11224.2,8979.36,20.0
https://www.nike.com/ph/t/vomero-18-older-road-running-shoes-50VPz0/HQ2157-300,"https://static.nike.com/a/images/t_web_pw_592_v2/f_auto/u_9ddf04c7-2a9a-4d76-add1-d15af8f0263d,c_scale,fl_relative,w_1.0,h_1.0,fl_layer_apply/fbf478b4-097e-404d-a96c-2ab24473dcca/NIKE+VOMERO+18+%28GS%29.png",Nike Vomero 18,10132.2,8105.76,20.0
https://www.nike.com/ph/t/vaporfly-4-road-racing-shoes-2dcdFt/HF6412-601,"https://static.nike.com/a/images/t_web_pw_592_v2/f_auto/u_9ddf04c7-2a9a-4d76-add1-d15af8f0263d,c_scale,fl_relative,w_1.0,h_1.0,fl_layer_apply/b549a79f-4ddd-4f74-90a4-de75c16f89ee/W+ZOOMX+VAPORFLY+NEXT%25+4.png",Nike Vaporfly 4,20740.2,16592.16,20.0
https://www.nike.com/ph/t/jordan-brooklyn-peak-realtree-beanie-GisnyRyo/IM6602-100,"https://static.nike.com/a/images/t_web_pw_592_v2/f_auto/u_126ab356-44d8-4a06-89b4-fcdcc8df0245,c_scale,fl_relative,w_1.0,h_1.0,fl_layer_apply/b95c03e5-83df-4abc-8c2a-fce3ca13c6b4/U+J+PEAK+BEANIE+BRK+RLT+GFX.png",Jordan Brooklyn Peak,2176.2,1740.96,20.0
https://www.nike.com/ph/t/indy-high-support-padded-front-zip-sports-bra-bjsAp6g5/HQ2752-667,https://static.nike.com/a/images/t_web_pw_592_v2/f_auto/ea72f083-5ee2-4465-bf53-795d50e3e383/AS+W+NK+INDY+HS+ZIP+BRA.png,Nike Indy High-Support,4516.2,3612.96,20.0
https://www.nike.com/ph/t/air-max-90-easyon-shoes-1eqLgLBQ/IH1418-034,"https://static.nike.com/a/images/t_web_pw_592_v2/f_auto/u_9ddf04c7-2a9a-4d76-add1-d15af8f0263d,c_scale,fl_relative,w_1.0,h_1.0,fl_layer_apply/f8e7665a-5eee-48f3-83e7-58c71d52dd3e/AIR+MAX+90+EASYON+LTR+%28TD%29.png",Nike Air Max 90 EasyOn,5608.2,4486.56,20.0
https://www.nike.com/ph/t/one-relaxed-dri-fit-top-1PDSoarb/HV3658-666,https://static.nike.com/a/images/t_web_pw_592_v2/f_auto/20355076-5ff8-4856-8ecd-1d57239549da/AS+W+NK+ONE+DF+RELAXED+TOP.png,Nike One Relaxed,3268.2,2614.56,20.0
https://www.nike.com/ph/t/jordan-pro-rare-air-unstructured-hat-PKjrgp/IB3009-010,"https://static.nike.com/a/images/t_web_pw_592_v2/f_auto/u_126ab356-44d8-4a06-89b4-fcdcc8df0245,c_scale,fl_relative,w_1.0,h_1.0,fl_layer_apply/51fd4c73-2e41-4eeb-aa25-ca2689420546/U+J+PRO+CAP+US+FB+RA+WASH.png",Jordan Pro Rare Air,2644.2,2115.36,20.0
https://www.nike.com/ph/t/jordan-sport-diamond-tank-top-tf75gv/FB4629-010,"https://static.nike.com/a/images/t_web_pw_592_v2/f_auto/u_126ab356-44d8-4a06-89b4-fcdcc8df0245,c_scale,fl_relative,w_1.0,h_1.0,fl_layer_apply/396f90c7-8eb5-488d-b306-27f8de8d73af/W+J+SPT+DIAMOND+TANK.png",Jordan Sport,2644.2,2115.36,20.0
https://www.nike.com/ph/t/jordan-flight-essentials-t-shirt-nRx6MZ8G/HQ8935-237,"https://static.nike.com/a/images/t_web_pw_592_v2/f_auto/u_126ab356-44d8-4a06-89b4-fcdcc8df0245,c_scale,fl_relative,w_1.0,h_1.0,fl_layer_apply/320d820d-689b-4745-96a3-8ce59251cde8/M+J+FLT+ESS+BOXY+SS+CREW.png",Jordan Flight Essentials,3112.2,2489.76,20.0
https://www.nike.com/ph/t/ava-rover-older-shoes-tBzM64sB/HF6331-200,"https://static.nike.com/a/images/t_web_pw_592_v2/f_auto/u_9ddf04c7-2a9a-4d76-add1-d15af8f0263d,c_scale,fl_relative,w_1.0,h_1.0,fl_layer_apply/4d9e2c4d-ef7c-4b19-81db-157c54179c81/AVA+ROVER+%28GS%29.png",Nike Ava Rover,9664.2,5798.52,40.0
https://www.nike.com/ph/t/dna-dri-fit-basketball-jersey-xR0fWB/FQ3708-010,https://static.nike.com/a/images/t_web_pw_592_v2/f_auto/61426e0d-c76d-45db-adb1-f39e83d318cf/AS+M+NK+DF+DNA+JERSEY.png,Nike DNA,2956.2,2364.96,20.0
https://www.nike.com/ph/t/united-jr-phantom-6-low-academy-older-football-shoe-O2DZ1rQC/HV4290-300,"https://static.nike.com/a/images/t_web_pw_592_v2/f_auto/u_9ddf04c7-2a9a-4d76-add1-d15af8f0263d,c_scale,fl_relative,w_1.0,h_1.0,fl_layer_apply/ad04e96b-c680-485f-9c87-bdd363ac28cb/JR+PHANTOM+6+LOW+ACAD+TF+NU2.png",Nike United Jr Phantom 6 Low Academy,6076.2,4860.96,20.0
https://www.nike.com/ph/t/p-6000-suede-shoes-0spVfw/HF0015-201,"https://static.nike.com/a/images/t_web_pw_592_v2/f_auto/u_9ddf04c7-2a9a-4d76-add1-d15af8f0263d,c_scale,fl_relative,w_1.0,h_1.0,fl_layer_apply/9fc6ae10-93e1-4977-9274-ee7984d6c0e6/NIKE+P-6000+SE.png",Nike P-6000 Suede,9664.2,7731.36,20.0
https://www.nike.com/ph/t/dunk-low-artist-collection-shoes-LCjVMqbT/HV8575-100,"https://static.nike.com/a/images/t_web_pw_592_v2/f_auto/u_9ddf04c7-2a9a-4d76-add1-d15af8f0263d,c_scale,fl_relative,w_1.0,h_1.0,fl_layer_apply/1cace6b0-369a-40c5-8dcc-76a0741a2a06/W+NIKE+DUNK+LOW.png",Nike Dunk Low Women's Artist Collection,14188.2,8512.92,40.0
https://www.nike.com/ph/t/jordan-apex-reversible-bucket-hat-uFcL7XGb/IF0923-104,"https://static.nike.com/a/images/t_web_pw_592_v2/f_auto/u_126ab356-44d8-4a06-89b4-fcdcc8df0245,c_scale,fl_relative,w_1.0,h_1.0,fl_layer_apply/74546b27-c2bb-446e-a87b-3f53ab278f8d/U+J+APEX+BUCKET+JM+AOP.png",Jordan Apex,2176.2,1740.96,20.0
https://www.nike.com/ph/t/free-2025-workout-shoes-xcv4w3/HF1078-201,"https://static.nike.com/a/images/t_web_pw_592_v2/f_auto/u_9ddf04c7-2a9a-4d76-add1-d15af8f0263d,c_scale,fl_relative,w_1.0,h_1.0,fl_layer_apply/858ba0d1-cf0c-4488-901b-14fbb140fd14/NIKE+FREE+2025.png",Nike Free 2025,9040.2,7232.16,20.0
https://www.nike.com/ph/t/air-max-plus-shoes-04K813/DM0032-028,"https://static.nike.com/a/images/t_web_pw_592_v2/f_auto/u_9ddf04c7-2a9a-4d76-add1-d15af8f0263d,c_scale,fl_relative,w_1.0,h_1.0,fl_layer_apply/d0259587-f9a1-4e4a-88f7-29e054f42db1/NIKE+AIR+MAX+PLUS.png",Nike Air Max Plus,13408.2,10726.56,20.0
https://www.nike.com/ph/t/sb-skate-pullover-hoodie-5LLNexrp/HV0250-063,https://static.nike.com/a/images/t_web_pw_592_v2/f_auto/1b2ee02a-8306-4638-8eae-617460ccbba9/AS+U+NK+SB+PO+HD+BB+SWOOSH+GRI.png,Nike SB,6076.2,4860.96,20.0
https://www.nike.com/ph/t/jordan-flight-padded-mountainside-pullover-hoodie-Kw9VJsO2/HV1864-010,"https://static.nike.com/a/images/t_web_pw_592_v2/f_auto/u_126ab356-44d8-4a06-89b4-fcdcc8df0245,c_scale,fl_relative,w_1.0,h_1.0,fl_layer_apply/50149d0a-1fbc-4347-a12c-91b7a38e4f6a/M+J+FLT+MTNSIDE+PADDED+PO.png",Jordan Flight,8884.2,7107.36,20.0
https://www.nike.com/ph/t/jr-mercurial-vapor-16-club-younger-multi-ground-low-top-football-boot-mGVFqZ/FQ8290-600,"https://static.nike.com/a/images/t_web_pw_592_v2/f_auto/u_9ddf04c7-2a9a-4d76-add1-d15af8f0263d,c_scale,fl_relative,w_1.0,h_1.0,fl_layer_apply/f09eca37-6dc5-45a3-816d-f15f25c6c087/JR+VAPOR+16+CLUB+MG+PS+%28V%29.png",Nike Jr. Mercurial Vapor 16 Club,3112.2,2489.76,20.0
https://www.nike.com/ph/t/jordan-brooklyn-t-shirt-bROvSNsJ/HV3894-805,"https://static.nike.com/a/images/t_web_pw_592_v2/f_auto/u_126ab356-44d8-4a06-89b4-fcdcc8df0245,c_scale,fl_relative,w_1.0,h_1.0,fl_layer_apply/03469f7a-4604-4432-8ae9-fed2ec276d1a/M+J+BRK+COL+WM+SS+CREW.png",Jordan Brooklyn,2800.2,1680.12,40.0
https://www.nike.com/ph/t/field-general-suede-shoes-bJCBwV/IF1743-301,"https://static.nike.com/a/images/t_web_pw_592_v2/f_auto/u_9ddf04c7-2a9a-4d76-add1-d15af8f0263d,c_scale,fl_relative,w_1.0,h_1.0,fl_layer_apply/fead8e8c-98d2-4cb1-8167-91dc0874c5d1/WMNS+NIKE+FIELD+GENERAL.png",Nike Field General Suede,9820.2,5892.12,40.0
https://www.nike.com/ph/t/flex-runner-4-older-running-shoes-SgLos7rm/IF2893-605,"https://static.nike.com/a/images/t_web_pw_592_v2/f_auto/u_9ddf04c7-2a9a-4d76-add1-d15af8f0263d,c_scale,fl_relative,w_1.0,h_1.0,fl_layer_apply/b6c3da77-a42a-427f-9b89-fa6b720eb9aa/FLEX+RUNNER+4+%28GS%29.png",Nike Flex Runner 4,4048.2,3238.56,20.0
https://www.nike.com/ph/t/pacific-shoes-c7GpAPm7/HQ2052-001,"https://static.nike.com/a/images/t_web_pw_592_v2/f_auto/u_9ddf04c7-2a9a-4d76-add1-d15af8f0263d,c_scale,fl_relative,w_1.0,h_1.0,fl_layer_apply/af65ba03-f673-42d5-992d-9fbe8b80e525/NIKE+PACIFIC.png",Nike Pacific,6700.2,5360.16,20.0
https://www.nike.com/ph/t/sportswear-loose-t-shirt-EuVlLlO2/IM9280-051,https://static.nike.com/a/images/t_web_pw_592_v2/f_auto/ed334deb-eea2-4abe-afd5-30f39156ec48/AS+W+NSW+SS+TEE+OC+2.png,Nike Sportswear,2800.2,2240.16,20.0
https://www.nike.com/ph/t/jordan-sport-dri-fit-golf-polo-mTtPWIGs/HQ8688-133,"https://static.nike.com/a/images/t_web_pw_592_v2/f_auto/u_126ab356-44d8-4a06-89b4-fcdcc8df0245,c_scale,fl_relative,w_1.0,h_1.0,fl_layer_apply/40b37a54-81d3-43b5-b8d4-72b515c9e693/M+J+DF+GOLF+POLO.png",Jordan Sport,5452.2,4361.76,20.0
https://www.nike.com/ph/t/sportswear-older-fleece-trousers-OKsv6HhV/HV0407-047,https://static.nike.com/a/images/t_web_pw_592_v2/f_auto/16686ffa-8b5c-4a42-8e52-3ac5037b746f/G+NSW+FLC+PNT+COZY.png,Nike Sportswear,2956.2,2364.96,20.0
https://www.nike.com/ph/t/kobe-older-winterised-basketball-top-rVilxn10/IB2739-010,"https://static.nike.com/a/images/t_web_pw_592_v2/f_auto/u_9ddf04c7-2a9a-4d76-add1-d15af8f0263d,c_scale,fl_relative,w_1.0,h_1.0,fl_layer_apply/1819e8df-88e5-4180-9a5a-79959d0c928b/KB+K+NK+WINTERIZED+TOP.png",Kobe,5764.2,4611.36,20.0
https://www.nike.com/ph/t/air-max-moto-2k-shoes-KpFHub6R/IQ4924-002,"https://static.nike.com/a/images/t_web_pw_592_v2/f_auto/u_9ddf04c7-2a9a-4d76-add1-d15af8f0263d,c_scale,fl_relative,w_1.0,h_1.0,fl_layer_apply/64f6a4e1-112a-468e-9a64-fad823e40e70/NIKE+AIR+MAX+MOTO+2K.png",Nike Air Max Moto 2K,12628.2,10102.56,20.0
https://www.nike.com/ph/t/air-jordan-mule-shoes-W6Ik9Nl8/IM6663-071,"https://static.nike.com/a/images/t_web_pw_592_v2/f_auto/u_126ab356-44d8-4a06-89b4-fcdcc8df0245,c_scale,fl_relative,w_1.0,h_1.0,fl_layer_apply/fa547178-e8ee-47be-9297-97b985b54f24/WMNS+AIR+JORDAN+MULE.png",Air Jordan Mule,14188.2,11350.56,20.0
https://www.nike.com/ph/t/united-mercurial-vapor-16-elite-low-top-football-boot-OOkrwjY1/IB2473-600,"https://static.nike.com/a/images/t_web_pw_592_v2/f_auto/u_9ddf04c7-2a9a-4d76-add1-d15af8f0263d,c_scale,fl_relative,w_1.0,h_1.0,fl_layer_apply/5e4fb8c8-d67f-47ae-a38e-05881f26e2b8/ZM+VAPOR+16+ELITE+FG+NU2.png",Nike United Mercurial Vapor 16 Elite,21208.2,16966.56,20.0
https://www.nike.com/ph/t/shox-r4-older-shoes-nc3SSQ/CW2626-101,"https://static.nike.com/a/images/t_web_pw_592_v2/f_auto/u_9ddf04c7-2a9a-4d76-add1-d15af8f0263d,c_scale,fl_relative,w_1.0,h_1.0,fl_layer_apply/197fe6d7-448e-4503-968d-3e001ec1fc8b/NIKE+SHOX+R4+%28GS%29.png",Nike Shox R4,10132.2,8105.76,20.0
https://www.nike.com/ph/t/air-jordan-1-mid-older-shoes-wqHdzW/DQ8423-105,"https://static.nike.com/a/images/t_web_pw_592_v2/f_auto/u_126ab356-44d8-4a06-89b4-fcdcc8df0245,c_scale,fl_relative,w_1.0,h_1.0,fl_layer_apply/071ee569-23d5-4b3a-97cd-42d24e3a8f43/AIR+JORDAN+1+MID+%28GS%29.png",Air Jordan 1 Mid,7792.2,6233.76,20.0
https://www.nike.com/ph/t/united-jr-mercurial-vapor-16-academy-older-multi-ground-low-top-football-boots-RbJ1iHXS/IB3660-600,"https://static.nike.com/a/images/t_web_pw_592_v2/f_auto/u_9ddf04c7-2a9a-4d76-add1-d15af8f0263d,c_scale,fl_relative,w_1.0,h_1.0,fl_layer_apply/2bd35304-b101-4313-9869-4c19495b9dcf/JR+ZM+VAPOR+16+ACAD+FG%2FMG+NU2.png",Nike United Jr. Mercurial Vapor 16 Academy,5764.2,4611.36,20.0
https://www.nike.com/ph/t/total-90-football-t-shirt-rgjol0f4/IB6033-480,https://static.nike.com/a/images/t_web_pw_592_v2/f_auto/cdc01251-58a5-4ee4-89da-d1c9cc789c37/AS+M+NK+TEE+TOTAL+90+2.png,Nike Total 90,2176.2,1740.96,20.0
https://www.nike.com/ph/t/jordan-essentials-top-WndMwb/FN4500-101,"https://static.nike.com/a/images/t_web_pw_592_v2/f_auto/u_126ab356-44d8-4a06-89b4-fcdcc8df0245,c_scale,fl_relative,w_1.0,h_1.0,fl_layer_apply/c84de079-130b-4318-b448-35255b19495b/W+J+BRK+ESS+SS+GF+TEE+23.png",Jordan Essentials,2644.2,2115.36,20.0
https://www.nike.com/ph/t/cosmic-runner-shoes-BlG0T8/HM4401-009,"https://static.nike.com/a/images/t_web_pw_592_v2/f_auto/u_9ddf04c7-2a9a-4d76-add1-d15af8f0263d,c_scale,fl_relative,w_1.0,h_1.0,fl_layer_apply/57634c4f-6889-417e-8072-8ab27e055e13/NIKE+COSMIC+RUNNER+%28TD%29.png",Nike Cosmic Runner,3580.2,2864.16,20.0
https://www.nike.com/ph/t/jordan-manila-fleece-pullover-hoodie-fzFRPb/HQ0430-091,"https://static.nike.com/a/images/t_web_pw_592_v2/f_auto/u_126ab356-44d8-4a06-89b4-fcdcc8df0245,c_scale,fl_relative,w_1.0,h_1.0,fl_layer_apply/a758c7a6-e642-4c48-a652-97607d4602af/M+J+MANILA+CITY+HBR+FLC+PO.png",Jordan,4984.2,3489.72,29.98
https://www.nike.com/ph/t/jordan-nola-slide-ncqgpt/CZ8027-301,"https://static.nike.com/a/images/t_web_pw_592_v2/f_auto/u_126ab356-44d8-4a06-89b4-fcdcc8df0245,c_scale,fl_relative,w_1.0,h_1.0,fl_layer_apply/fc10cf3a-646a-4937-a6de-8162ef1edc9d/WMNS+JORDAN+NOLA+SLIDE.png",Jordan NOLA,3892.2,3113.76,20.0
https://www.nike.com/ph/t/windrunner-high-waisted-woven-open-hem-trousers-gznpsaFN/FV7656-017,https://static.nike.com/a/images/t_web_pw_592_v2/f_auto/d99f1ddf-04d8-47a7-b124-b43fb20adf6e/AS+W+NSW+NK+WR+WVN+HR+OH+P.png,Nike Windrunner,5920.2,3552.12,40.0
https://www.nike.com/ph/t/victori-one-shower-slide-bLFNwM/CZ7836-001,"https://static.nike.com/a/images/t_web_pw_592_v2/f_auto/u_9ddf04c7-2a9a-4d76-add1-d15af8f0263d,c_scale,fl_relative,w_1.0,h_1.0,fl_layer_apply/5c05712f-d021-4fc8-b168-817883b8e794/W+NIKE+VICTORI+ONE+SHWER+SLIDE.png",Nike Victori One,2020.2,1620.84,19.77
https://www.nike.com/ph/t/air-max-plus-shoes-Z0D37G/604133-139,"https://static.nike.com/a/images/t_web_pw_592_v2/f_auto/u_9ddf04c7-2a9a-4d76-add1-d15af8f0263d,c_scale,fl_relative,w_1.0,h_1.0,fl_layer_apply/go9ejlsilpz2hq0eophu/AIR+MAX+PLUS.png",Nike Air Max Plus,12628.2,8843.64,29.97
https://www.nike.com/ph/t/sportswear-pleated-skirt-uvlZrKuh/IM7464-133,https://static.nike.com/a/images/t_web_pw_592_v2/f_auto/abfef81b-5cbd-405f-89f1-ab1906dbde12/AS+W+NSW+PLEATED+SKIRT.png,Nike Sportswear,4360.2,3488.16,20.0
https://www.nike.com/ph/t/lebron-down-jacket-6ySmvx0K/HV3502-010,"https://static.nike.com/a/images/t_web_pw_592_v2/f_auto/u_9ddf04c7-2a9a-4d76-add1-d15af8f0263d,c_scale,fl_relative,w_1.0,h_1.0,fl_layer_apply/c2621ba8-3dd5-44d7-9c98-976168ff059f/AS+LJ+M+NK+TF+DWNFL+JACKET.png",LeBron,17152.2,13721.76,20.0
https://www.nike.com/ph/t/sportswear-windrunner-tailored-jacket-aStE2t7E/HV5144-010,https://static.nike.com/a/images/t_web_pw_592_v2/f_auto/149fefa4-dbbf-481e-a26c-f0f610319313/AS+W+NSW+TAILORED+WR+JACKE.png,Nike Sportswear Windrunner,13252.2,10601.76,20.0
https://www.nike.com/ph/t/jordan-1-low-alt-little-shoes-94EhPfA5/HV4795-001,"https://static.nike.com/a/images/t_web_pw_592_v2/f_auto/u_126ab356-44d8-4a06-89b4-fcdcc8df0245,c_scale,fl_relative,w_1.0,h_1.0,fl_layer_apply/d4af8e98-0d39-4a01-ba98-6fdf5ac7acce/JORDAN+1+LOW+ALT+SS+%28PS%29.png",Jordan 1 Low Alt,5920.2,4736.16,20.0
https://www.nike.com/ph/t/jordan-flight-chicago-corduroy-trousers-3MnpQ2t8/HV0526-010,"https://static.nike.com/a/images/t_web_pw_592_v2/f_auto/u_126ab356-44d8-4a06-89b4-fcdcc8df0245,c_scale,fl_relative,w_1.0,h_1.0,fl_layer_apply/d4b23855-8b66-4552-8901-33e6e27c0be2/M+J+FLT+CHICAGO+CORD+PANT.png",Jordan Flight Chicago,8416.2,6732.96,20.0
https://www.nike.com/ph/t/nocta-nocta-fleece-cs-hoodie-2-86KrFdlf/HM5763-370,https://static.nike.com/a/images/t_web_pw_592_v2/f_auto/71e48d12-c380-48e2-82a0-03a056c5f390/AS+M+NRG+CS+NOCTA+HOODIE+FLC+2.png,NOCTA,7792.2,6233.76,20.0
https://www.nike.com/ph/t/pro-fleece-hoodie-Sx6yAJfp/HV3601-010,https://static.nike.com/a/images/t_web_pw_592_v2/f_auto/1f284a77-20b2-4825-bf37-bb2ce8122ef3/as+W+NP+TF+FLC+HOODIE+GG+GRX.png,Nike Pro,6076.2,4860.96,20.0
https://www.nike.com/ph/t/air-jordan-1-mid-shoes-86f1ZW/BQ6472-113,"https://static.nike.com/a/images/t_web_pw_592_v2/f_auto/u_126ab356-44d8-4a06-89b4-fcdcc8df0245,c_scale,fl_relative,w_1.0,h_1.0,fl_layer_apply/adc7c971-2c81-402c-907c-d91abf52e0d3/WMNS+AIR+JORDAN+1+MID.png",Air Jordan 1 Mid,11068.2,8854.56,20.0
https://www.nike.com/ph/t/kawa-se-younger-older-slides-UenfTWTF/IM5714-001,"https://static.nike.com/a/images/t_web_pw_592_v2/f_auto/u_9ddf04c7-2a9a-4d76-add1-d15af8f0263d,c_scale,fl_relative,w_1.0,h_1.0,fl_layer_apply/f5abf6f9-07b9-40cd-812d-1f850d6f967e/KAWA+SLIDE+SE+%28GS%2FPS%29.png",Nike Kawa SE,2332.2,1865.76,20.0
https://www.nike.com/ph/t/sportswear-essentials-long-sleeve-t-shirt-HVdNRM/DO7391-010,https://static.nike.com/a/images/t_web_pw_592_v2/f_auto/19842d7b-cd13-4fe3-97dd-ca038a394b72/AS+M+NSW+PREM+ESSNTL+SUST+LS+T.png,Nike Sportswear Premium Essentials,3112.2,2489.76,20.0
https://www.nike.com/ph/t/kobe-winterized-basketball-jacket-JC9xbOvU/IM4865-010,https://static.nike.com/a/images/t_web_pw_592_v2/f_auto/7b079900-c5f7-4b2d-a50e-893eedfb12b3/AS+KB+M+NK+WINTERIZED+TOP.png,Kobe,8416.2,6732.96,20.0
https://www.nike.com/ph/t/cosmic-runner-older-road-running-shoes-cbWZ1K/HM4402-800,"https://static.nike.com/a/images/t_web_pw_592_v2/f_auto/u_9ddf04c7-2a9a-4d76-add1-d15af8f0263d,c_scale,fl_relative,w_1.0,h_1.0,fl_layer_apply/cbe9375a-7929-4c33-b961-78eb1dc83fb1/NIKE+COSMIC+RUNNER+%28GS%29.png",Nike Cosmic Runner,4516.2,3612.96,20.0
https://www.nike.com/ph/t/sportswear-windrunner-skirt-j1HwVsqu/IM7451-133,https://static.nike.com/a/images/t_web_pw_592_v2/f_auto/e01aa7c1-183c-40f2-9f02-aa08bb4827ef/AS+W+NSW+WR+SKIRT.png,Nike Sportswear Windrunner,4828.2,3862.56,20.0
https://www.nike.com/ph/t/jordan-apex-winter-bucket-hat-P9l3Nw/FZ2054-010,"https://static.nike.com/a/images/t_web_pw_592_v2/f_auto/u_126ab356-44d8-4a06-89b4-fcdcc8df0245,c_scale,fl_relative,w_1.0,h_1.0,fl_layer_apply/eeebf4d7-9d63-40b0-b771-5bafa0f36e7d/U+J+APEX+BUCKET+WINTER.png",Jordan Apex,2020.2,1616.16,20.0
https://www.nike.com/ph/t/jr-mercurial-vapor-16-club-younger-low-top-football-shoes-QVRdJD/FQ8291-300,"https://static.nike.com/a/images/t_web_pw_592_v2/f_auto/u_9ddf04c7-2a9a-4d76-add1-d15af8f0263d,c_scale,fl_relative,w_1.0,h_1.0,fl_layer_apply/cfc17ad5-12a9-4f1c-ae35-aa7d222daae8/JR+VAPOR+16+CLUB+TF+PS+%28V%29.png",Nike Jr. Mercurial Vapor 16 Club,3112.2,2489.76,20.0
https://www.nike.com/ph/t/dunk-low-retro-se-shoes-V9t711/DV0834-100,https://static.nike.com/a/images/t_web_pw_592_v2/f_auto/8b64b684-f584-41eb-9973-1b9707eac9b5/NIKE+DUNK+LOW+RETRO+SE.png,Nike Dunk Low Retro SE,9664.2,7736.04,19.95
https://www.nike.com/ph/t/sportswear-jacket-m6ZjwUWx/HV2077-010,https://static.nike.com/a/images/t_web_pw_592_v2/f_auto/0090d902-fbcc-47a9-bd62-d024dd80ff25/AS+W+NSW+PREGAME+FLC+FZ.png,Nike Sportswear,8884.2,7107.36,20.0
https://www.nike.com/ph/t/universa-support-padded-sports-bra-tank-nxyhdZL5/IF0951-441,"https://static.nike.com/a/images/t_web_pw_592_v2/f_auto/u_9ddf04c7-2a9a-4d76-add1-d15af8f0263d,c_scale,fl_relative,w_1.0,h_1.0,fl_layer_apply/dc7bfc9c-2de8-4b8a-b09a-73b2d57c8c47/AS+W+NK+DF+UNVRSA+MS+BRA+TANK.png",Nike Universa,5140.2,4112.16,20.0
https://www.nike.com/ph/t/sabrina-dri-fit-basketball-t-shirt-gaJsz7sR/HV7050-222,https://static.nike.com/a/images/t_web_pw_592_v2/f_auto/0f4ebe93-952c-43ca-8347-e8171d01c66e/AS+SI+M+NK+DF+SABRINA+FA25+TEE.png,Sabrina,2800.2,2240.16,20.0
https://www.nike.com/ph/t/air-max-plus-g-eastside-golf-golf-shoes-oNSg98C1/HV4363-400,"https://static.nike.com/a/images/t_web_pw_592_v2/f_auto/u_9ddf04c7-2a9a-4d76-add1-d15af8f0263d,c_scale,fl_relative,w_1.0,h_1.0,fl_layer_apply/e655f8d9-039f-476c-b17c-e65b8f816041/NIKE+AIR+MAX+PLUS+G+NRG.png",Nike Air Max Plus G x Eastside Golf,18244.2,14595.36,20.0
https://www.nike.com/ph/t/academy-dri-fit-short-sleeve-football-shirt-Nsp2NpQK/HV3588-383,https://static.nike.com/a/images/t_web_pw_592_v2/f_auto/94c72c42-458c-46cf-a38f-f318f4a7afaa/AS+M+NK+DF+ACD%2B+SS+TOP+AOP.png,Nike Academy+,2644.2,2115.36,20.0
https://www.nike.com/ph/t/air-jordan-mule-shoes-9PAPEZZZ/HJ4292-300,"https://static.nike.com/a/images/t_web_pw_592_v2/f_auto/u_126ab356-44d8-4a06-89b4-fcdcc8df0245,c_scale,fl_relative,w_1.0,h_1.0,fl_layer_apply/6da0e081-e0aa-4dcd-8f2f-4c57649826f5/WMNS+AIR+JORDAN+MULE.png",Air Jordan Mule,13408.2,10726.56,20.0
https://www.nike.com/ph/t/jordan-rare-air-fleece-trousers-MTfxqN/IB2999-010,"https://static.nike.com/a/images/t_web_pw_592_v2/f_auto/u_126ab356-44d8-4a06-89b4-fcdcc8df0245,c_scale,fl_relative,w_1.0,h_1.0,fl_layer_apply/a9eca3db-457c-4144-ac98-885d8f4049c2/M+J+AIR+JDN+RAIR+FLC+PANT.png",Jordan Rare Air,8416.2,4208.88,49.99
https://www.nike.com/ph/t/academy-dri-fit-football-snood-y6sPGbPF/HF0784-013,"https://static.nike.com/a/images/t_web_pw_592_v2/f_auto/u_9ddf04c7-2a9a-4d76-add1-d15af8f0263d,c_scale,fl_relative,w_1.0,h_1.0,fl_layer_apply/2811e4f8-cde2-44ad-9aa7-ee47d0231796/NK+DF+ACDMY+SNOOD.png",Nike Academy,1864.2,1491.36,20.0
https://www.nike.com/ph/t/jr-phantom-6-high-academy-older-multi-ground-football-boot-m7zuR8wm/HQ2042-800,"https://static.nike.com/a/images/t_web_pw_592_v2/f_auto/u_9ddf04c7-2a9a-4d76-add1-d15af8f0263d,c_scale,fl_relative,w_1.0,h_1.0,fl_layer_apply/5419b08a-89d8-4b77-82ee-ad9a13d07841/JR+PHANTOM+6+HIGH+ACAD+FG%2FMG.png",Nike Jr. Phantom 6 High Academy,6700.2,5360.16,20.0
https://www.nike.com/ph/t/universa-2-in-1-12-5cm-shorts-vdB2TCFa/HJ2262-499,https://static.nike.com/a/images/t_web_pw_592_v2/f_auto/edfb94ec-16db-4091-80e9-01d8c2b0228c/AS+W+NK+DF+UNVRSA+2IN1+SHORT.png,Nike Universa,4516.2,3612.96,20.0
https://www.nike.com/ph/t/gato-older-shoes-GNJ8Ph/HV9596-300,"https://static.nike.com/a/images/t_web_pw_592_v2/f_auto/u_9ddf04c7-2a9a-4d76-add1-d15af8f0263d,c_scale,fl_relative,w_1.0,h_1.0,fl_layer_apply/11112875-e8f3-4f73-8db6-8b89c175fe3a/NIKE+GATO+%28GS%29.png",Nike Gato,6466.2,5172.96,20.0
https://www.nike.com/ph/t/air-force-1-lv8-4-older-shoes-KPKoYZgH/HV4763-001,"https://static.nike.com/a/images/t_web_pw_592_v2/f_auto/u_9ddf04c7-2a9a-4d76-add1-d15af8f0263d,c_scale,fl_relative,w_1.0,h_1.0,fl_layer_apply/394ebdc3-10ba-4423-8ac3-a6375a228696/AIR+FORCE+1+LV8+4+%28GS%29.png",Nike Air Force 1 LV8 4,8260.2,6608.16,20.0
https://www.nike.com/ph/t/air-max-90-ltr-older-shoes-9xnt2B/CD6864-034,"https://static.nike.com/a/images/t_web_pw_592_v2/f_auto/u_9ddf04c7-2a9a-4d76-add1-d15af8f0263d,c_scale,fl_relative,w_1.0,h_1.0,fl_layer_apply/d40f852d-72c2-4d59-b7cd-4fc3fb5e4fc8/NIKE+AIR+MAX+90+LTR+%28GS%29.png",Nike Air Max 90 LTR,7168.2,5734.56,20.0
https://www.nike.com/ph/t/cortez-textile-older-shoes-tnzJDF/IF1615-400,https://static.nike.com/a/images/t_web_pw_592_v2/f_auto/06f9c53e-faf1-4322-b96c-ebc81f39dc35/NIKE+KIDS+CORTEZ+TXT+%28GS%29.png,Nike Cortez Textile,5608.2,3926.52,29.99
https://www.nike.com/ph/t/jordan-brooklyn-tracksuit-bottoms-ntkJy88v/HQ9218-068,"https://static.nike.com/a/images/t_web_pw_592_v2/f_auto/u_126ab356-44d8-4a06-89b4-fcdcc8df0245,c_scale,fl_relative,w_1.0,h_1.0,fl_layer_apply/23cbb779-42bc-41dd-9e49-6570a583f637/W+J+BRK+TRK+PANT.png",Jordan Brooklyn,5140.2,3084.12,40.0
https://www.nike.com/ph/t/court-vision-alta-shoes-p7Dnlp/DM0113-100,"https://static.nike.com/a/images/t_web_pw_592_v2/f_auto/u_9ddf04c7-2a9a-4d76-add1-d15af8f0263d,c_scale,fl_relative,w_1.0,h_1.0,fl_layer_apply/66832d0b-88d6-4cef-a37e-1aba97e56f02/W+NIKE+COURT+VISION+ALTA+LTR.png",Nike Court Vision Alta,6076.2,4865.64,19.92
https://www.nike.com/ph/t/paris-saint-germain-fleece-sweatshirt-rAYGGhPo/HV0137-060,"https://static.nike.com/a/images/t_web_pw_592_v2/f_auto/u_126ab356-44d8-4a06-89b4-fcdcc8df0245,c_scale,fl_relative,w_1.0,h_1.0,fl_layer_apply/1b89a7c3-65d3-459d-851e-2ef6817adc26/W+J+PSG+FLC+HZ+TOP.png",Paris Saint-Germain,5140.2,4112.16,20.0
https://www.nike.com/ph/t/dri-fit-club-structured-swoosh-cap-LLtHBx/FB5625-017,"https://static.nike.com/a/images/t_web_pw_592_v2/f_auto/u_9ddf04c7-2a9a-4d76-add1-d15af8f0263d,c_scale,fl_relative,w_1.0,h_1.0,fl_layer_apply/2be2f23e-b823-4211-b9ba-aac09602a465/U+NK+DF+CLUB+CAP+S+CB+P.png",Nike Dri-FIT Club,1630.2,1304.16,20.0
https://www.nike.com/ph/t/sportswear-oversized-woven-jacket-Ur6Ew4fx/IM7159-072,https://static.nike.com/a/images/t_web_pw_592_v2/f_auto/bcf7e079-8920-42fb-9c9f-c2323291ae38/AS+W+NSW+WVN+RPL+JKT+OPP1.png,Nike Sportswear,6076.2,4860.96,20.0
https://www.nike.com/ph/t/mercurial-vapor-16-pro-low-top-football-boot-F9tgP1/FQ8684-300,"https://static.nike.com/a/images/t_web_pw_592_v2/f_auto/u_9ddf04c7-2a9a-4d76-add1-d15af8f0263d,c_scale,fl_relative,w_1.0,h_1.0,fl_layer_apply/258bf0ba-a460-4211-bf42-687ff4effc6e/ZM+VAPOR+16+PRO+AG-PRO.png",Nike Mercurial Vapor 16 Pro,12316.2,9852.96,20.0
https://www.nike.com/ph/t/jordan-sport-dri-fit-golf-shorts-X9hYYbhf/HQ8677-041,"https://static.nike.com/a/images/t_web_pw_592_v2/f_auto/u_126ab356-44d8-4a06-89b4-fcdcc8df0245,c_scale,fl_relative,w_1.0,h_1.0,fl_layer_apply/8b7efc91-dcdf-499c-98f2-912e2542d373/M+J+DF+GOLF+SHORT.png",Jordan Sport,5296.2,3177.72,40.0
